customer,st,gender,education,customer_lifetime_value,income,monthly_premium_auto,number_of_open_complaints,policy_type,vehicle_class,total_claim_amount
QZ44356,Arizona,F,Bachelor,697953.59,0.0,94.0,1/0/00,Personal Auto,Four-Door Car,1131.46
AI49188,Nevada,F,Bachelor,1288743.17,48767.0,108.0,1/0/00,Personal Auto,Two-Door Car,566.47
WW63253,California,M,Bachelor,764586.18,0.0,106.0,1/0/00,Corporate Auto,SUV,529.88
GA49547,Washington,M,High School or Below,536307.65,36357.0,68.0,1/0/00,Personal Auto,Four-Door Car,17.27
OC83172,Oregon,F,Bachelor,825629.78,62902.0,69.0,1/0/00,Personal Auto,Two-Door Car,159.38
XZ87318,Oregon,F,College,538089.86,55350.0,67.0,1/0/00,Corporate Auto,Four-Door Car,321.6
CF85061,Arizona,M,Master,721610.03,0.0,101.0,1/0/00,Corporate Auto,Four-Door Car,363.03
DY87989,Oregon,M,Bachelor,2412750.4,14072.0,71.0,1/0/00,Corporate Auto,Four-Door Car,511.2
BQ94931,Oregon,F,College,738817.81,28812.0,93.0,1/0/00,Special Auto,Four-Door Car,425.53
SX51350,California,M,College,473899.2,0.0,67.0,1/0/00,Personal Auto,Four-Door Car,482.4
QK46697,Washington,M,Bachelors,617710.93,61040.0,79.0,1/1/00,Personal Auto,Two-Door Car,20.38
HS14476,Washington,M,College,916206.32,29723.0,80.0,1/0/00,Personal Auto,Four-Door Car,20.99
HD95276,Washington,F,College,473787.17,0.0,130.0,1/0/00,Personal Auto,SUV,23.82
YD87931,Washington,M,Doctor,495165.61,46896.0,35354.0,1/1/00,Personal Auto,Four-Door Car,31.71
NW21079,Washington,F,Master,487938.48,67163.0,61.0,1/2/00,Personal Auto,Two-Door Car,33.19
YB66933,Washington,F,Bachelor,538275.2,77552.0,68.0,1/1/00,Corporate Auto,Four-Door Car,45.22
OW15518,Washington,F,College,1595001.95,0.0,87.0,1/1/00,Personal Auto,Two-Door Car,46.04
GP39118,Washington,M,High School or Below,499655.27,71600.0,63.0,1/0/00,Personal Auto,Two-Door Car,46.16
SG20925,Washington,F,Master,518579.76,99428.0,6464.0,1/1/00,Personal Auto,Four-Door Car,48.05
FM14335,Washington,F,College,1048491.54,61108.0,89.0,1/0/00,Personal Auto,Four-Door Car,49.45
HS28694,Washington,F,High School or Below,282986.39,25317.0,71.0,1/0/00,Personal Auto,Two-Door Car,50.42
LH92841,Washington,F,Bachelors,725595.38,88891.0,89.0,1/0/00,Personal Auto,Four-Door Car,50.53
AZ95587,AZ,F,Bachelor,1038855.32,61222.0,89.0,1/0/00,Special Auto,Four-Door Car,392.6
DS81757,Oregon,M,College,247012.12,0.0,74.0,1/0/00,Personal Auto,Two-Door Car,721.24
OJ94107,AZ,M,Master,561906.85,50335.0,140.0,1/0/00,Personal Auto,SUV,456.52
LP84436,California,F,High School or Below,904711.92,0.0,127.0,1/0/00,Personal Auto,Sports Car,1088.0
FF22360,Washington,F,Doctor,268731.41,82210.0,68.0,1/4/00,Personal Auto,Four-Door Car,51.96
LM19287,Oregon,F,High School or Below,373150.46,0.0,96.0,1/0/00,Personal Auto,Four-Door Car,460.8
ZU18643,Nevada,M,Bachelor,366077.03,64495.0,92.0,1/0/00,Corporate Auto,Four-Door Car,251.99
AZ82578,California,F,College,792882.93,0.0,72.0,1/0/00,Corporate Auto,Four-Door Car,345.6
XC67861,Arizona,F,Bachelor,501175.16,28859.0,67.0,1/3/00,Corporate Auto,Two-Door Car,321.6
YC43143,Arizona,F,High School or Below,798825.83,77330.0,99.0,1/0/00,Personal Auto,Four-Door Car,99.26
EK59571,Oregon,M,College,388545.64,0.0,105.0,1/0/00,Corporate Auto,Four-Door Car,504.0
PA38372,Washington,F,High School or Below,935773.78,33060.0,117.0,1/0/00,Personal Auto,Four-Door Car,56.73
RO18530,Washington,M,Master,254068.98,42557.0,65.0,1/0/00,Personal Auto,Four-Door Car,57.56
PD27940,Arizona,M,High School or Below,488516.25,26372.0,126.0,1/0/00,Personal Auto,SUV,604.8
BS77946,Arizona,F,Bachelor,975330.71,17514.0,127.0,1/0/00,Personal Auto,SUV,8.31
YM50253,California,Femal,Bachelor,294615.37,89270.0,74.0,1/0/00,Personal Auto,Four-Door Car,316.6
NR15332,California,M,High School or Below,258111.09,29757.0,65.0,1/0/00,Personal Auto,Four-Door Car,312.0
RC62865,Oregon,M,College,351738.58,51814.0,92.0,1/0/00,Personal Auto,Four-Door Car,56.3
CC15295,Oregon,F,Bachelor,974335.01,24028.0,82.0,1/0/00,Personal Auto,Four-Door Car,393.6
KA61892,Arizona,M,College,387364.7,28142.0,105.0,1/0/00,Personal Auto,Sports Car,701.71
OS94884,Arizona,F,Bachelor,764928.2,52705.0,64.0,1/1/00,Personal Auto,Two-Door Car,128.71
ND87334,California,M,High School or Below,228759.69,0.0,63.0,1/0/00,Corporate Auto,Two-Door Car,679.37
OY51402,Washington,F,High School or Below,825576.39,54040.0,103.0,1/0/00,Personal Auto,SUV,59.99
YL74911,California,F,College,871492.21,0.0,118.0,1/0/00,Personal Auto,SUV,566.4
GK92563,Washington,F,Doctor,681923.12,22492.0,85.0,1/0/00,Personal Auto,Two-Door Car,61.65
HL53154,California,M,Bachelor,741619.73,0.0,77.0,1/2/00,Personal Auto,Four-Door Car,554.4
RI78966,Oregon,M,Master,777115.9,21876.0,68.0,1/0/00,Personal Auto,Four-Door Car,465.41
IC13702,California,F,Bachelor,696834.19,0.0,69.0,1/1/00,Personal Auto,Four-Door Car,496.8
BE10809,California,F,High School or Below,425028.26,0.0,61.0,1/1/00,Personal Auto,Four-Door Car,292.8
HT87217,Oregon,F,High School or Below,1977656.65,70699.0,82.0,1/0/00,Personal Auto,Four-Door Car,256.81
TH95618,California,F,High School or Below,2134346.6,0.0,74.0,1/1/00,Personal Auto,Four-Door Car,355.2
TS19868,California,M,College,241313.97,27501.0,63.0,1/0/00,Personal Auto,Four-Door Car,542.32
LP45550,Oregon,F,Doctor,1536384.72,15897.0,101.0,1/0/00,Personal Auto,Four-Door Car,303.15
QR87004,Nevada,F,College,845696.19,25141.0,73.0,1/1/00,Personal Auto,Four-Door Car,25.44
OE75747,Nevada,F,College,218964.25,0.0,61.0,1/3/00,Personal Auto,Four-Door Car,292.8
DX91392,California,M,High School or Below,578018.22,51066.0,74.0,1/0/00,Personal Auto,Four-Door Car,787.99
AB72731,California,F,Bachelor,463998.16,28358.0,117.0,1/0/00,Personal Auto,Sports Car,84.02
GX84338,Washington,F,Doctor,382443.13,62530.0,95.0,1/0/00,Personal Auto,Four-Door Car,61.69
IS12901,Arizona,F,Bachelor,596811.89,90972.0,74.0,1/0/00,Personal Auto,Two-Door Car,232.93
BN90616,Washington,F,Bachelor,859033.5,63110.0,72.0,1/0/00,Personal Auto,Four-Door Car,68.18
HH90090,California,F,Bachelor,407663.47,29549.0,104.0,1/0/00,Personal Auto,Sports Car,710.43
IU25463,California,F,Bachelor,1225260.18,0.0,115.0,1/1/00,Personal Auto,Four-Door Car,552.0
KC11055,Nevada,F,Bachelor,1693627.15,39411.0,217.0,1/2/00,Personal Auto,Luxury Car,1122.66
PD33979,Oregon,M,High School or Below,489243.55,21709.0,62.0,1/0/00,Personal Auto,Four-Door Car,408.37
NK71023,Nevada,M,Bachelor,994230.48,67890.0,85.0,1/0/00,Personal Auto,Four-Door Car,408.0
AB13432,California,M,Bachelor,373583.81,0.0,110.0,1/0/00,Personal Auto,SUV,792.0
OZ97704,California,F,High School or Below,1311752.22,84311.0,111.0,1/4/00,Personal Auto,SUV,532.8
UF46533,California,F,College,457452.41,99316.0,114.0,1/0/00,Corporate Auto,SUV,754.36
XP47431,Arizona,F,Bachelor,547006.06,54507.0,138.0,1/0/00,Personal Auto,SUV,702.99
GK73582,California,F,Bachelor,297884.6,64586.0,76.0,1/0/00,Personal Auto,Four-Door Car,206.84
RV98763,Oregon,M,College,641096.75,61709.0,82.0,1/2/00,Personal Auto,Four-Door Car,275.4
II62831,California,M,Master,447902.31,94656.0,111.0,1/1/00,Special Auto,SUV,459.74
XK33449,California,F,High School or Below,238373.19,0.0,69.0,1/0/00,Special Auto,Two-Door Car,496.8
TR85083,California,M,Bachelor,276449.37,61085.0,70.0,1/1/00,Personal Auto,Two-Door Car,336.0
EO95328,Oregon,F,Bachelor,792010.54,89284.0,67.0,1/3/00,Personal Auto,Two-Door Car,321.6
EN21086,Arizona,F,High School or Below,688909.8,0.0,63.0,1/0/00,Personal Auto,Four-Door Car,302.4
YL83902,WA,F,Bachelor,327419.46,31686.0,81.0,1/0/00,Personal Auto,Four-Door Car,430.99
AZ62651,Oregon,M,High School or Below,995170.77,56855.0,255.0,1/0/00,Corporate Auto,Luxury SUV,1836.0
ZW25874,Oregon,M,Bachelor,252155.57,53703.0,67.0,1/2/00,Special Auto,Four-Door Car,67.63
EH41854,WA,F,High School or Below,2370611.34,0.0,96.0,1/1/00,Personal Auto,Two-Door Car,844.48
MW70227,California,M,College,604702.52,20396.0,76.0,1/1/00,Personal Auto,Four-Door Car,364.8
SL22297,California,F,Master,1114030.25,27679.0,150.0,1/0/00,Personal Auto,SUV,722.49
RV14138,Nevada,F,Bachelor,433406.41,23904.0,123.0,1/3/00,Personal Auto,SUV,590.4
UO62808,Arizona,F,High School or Below,279974.79,65351.0,69.0,1/0/00,Corporate Auto,Four-Door Car,481.03
ZX64745,California,M,College,792313.66,0.0,113.0,1/0/00,Personal Auto,SUV,1124.43
FL34139,California,M,High School or Below,368811.09,0.0,63.0,1/3/00,Personal Auto,Four-Door Car,669.68
TS11219,California,M,College,1206745.6,0.0,116.0,1/0/00,Personal Auto,SUV,1284.09
XX12304,California,F,College,292497.67,64459.0,72.0,1/0/00,Personal Auto,Four-Door Car,240.26
SD64087,California,M,College,1501409.27,32961.0,190.0,1/0/00,Corporate Auto,SUV,912.0
OY38576,Oregon,F,High School or Below,927723.38,71416.0,116.0,1/0/00,Corporate Auto,SUV,556.8
BG76355,WA,F,Bachelor,627412.39,68964.0,78.0,1/0/00,Personal Auto,Four-Door Car,115.09
IP66913,Cali,M,High School or Below,388664.74,78108.0,98.0,1/0/00,Personal Auto,Two-Door Car,470.4
LE95702,Cali,M,College,438627.76,10621.0,67.0,1/0/00,Special Auto,Four-Door Car,321.6
KX54357,WA,M,College,1136526.77,84910.0,95.0,1/0/00,Corporate Auto,Two-Door Car,383.17
EZ78112,Cali,Femal,High School or Below,561096.43,77493.0,70.0,1/0/00,Special Auto,Four-Door Car,307.96
XN16891,Arizona,M,College,291289.2,81097.0,74.0,1/0/00,Personal Auto,Four-Door Car,355.2
XK31350,Oregon,Femal,College,691572.99,96610.0,85.0,1/0/00,Corporate Auto,Four-Door Car,520.36
CC30924,Oregon,M,College,626266.33,30110.0,159.0,1/0/00,Corporate Auto,Sports Car,466.44
IT78748,Oregon,Femal,High School or Below,650339.7,22081.0,84.0,1/0/00,Special Auto,Two-Door Car,451.67
KY33386,WA,Femal,High School or Below,800739.94,0.0,112.0,1/0/00,Personal Auto,Sports Car,537.6
CO44221,Cali,M,College,292991.65,98473.0,72.0,1/0/00,Personal Auto,Four-Door Car,345.6
LK60013,Oregon,Femal,Bachelor,596955.3,97431.0,74.0,1/0/00,Personal Auto,Four-Door Car,355.2
DE21533,Cali,M,Bachelor,547315.99,93870.0,69.0,1/0/00,Personal Auto,Four-Door Car,331.2
YS94121,Nevada,M,High School or Below,564539.67,50366.0,72.0,1/0/00,Personal Auto,Four-Door Car,428.73
UK68427,WA,M,High School or Below,636926.24,34498.0,83.0,1/0/00,Personal Auto,Two-Door Car,398.4
TE49565,Oregon,Femal,College,1183376.73,16552.0,103.0,1/0/00,Personal Auto,SUV,494.4
RA88421,Oregon,Femal,College,612110.79,26787.0,77.0,1/0/00,Personal Auto,Four-Door Car,369.6
KQ51983,Nevada,M,College,515936.97,0.0,74.0,1/0/00,Personal Auto,Two-Door Car,831.75
CD88896,Nevada,Femal,High School or Below,251459.2,43860.0,65.0,1/0/00,Corporate Auto,Four-Door Car,156.12
YV22553,Arizona,M,High School or Below,866861.13,21474.0,114.0,1/2/00,Corporate Auto,SUV,373.43
WU14435,Cali,M,Bachelor,496096.54,18174.0,66.0,1/0/00,Corporate Auto,Four-Door Car,395.93
XV84099,Arizona,Femal,Bachelor,550413.9,0.0,73.0,1/0/00,Corporate Auto,Four-Door Car,350.4
RI24911,Arizona,Male,College,750745.54,60920.0,64.0,1/0/00,Personal Auto,Two-Door Car,231.2
KO26461,Arizona,Male,High School or Below,3226985.14,41520.0,90.0,1/0/00,Personal Auto,Four-Door Car,289.9
HI14283,Oregon,Femal,Bachelor,565703.16,0.0,152.0,1/0/00,Personal Auto,SUV,729.6
PT50227,Arizona,Male,High School or Below,506175.79,0.0,68.0,1/0/00,Personal Auto,Two-Door Car,326.4
BH36570,Cali,Male,Bachelor,591278.38,72208.0,73.0,1/0/00,Personal Auto,Two-Door Car,350.4
TX17484,Cali,Femal,Bachelor,1518227.98,53863.0,63.0,1/0/00,Personal Auto,Four-Door Car,105.77
CT41158,WA,Male,College,1074703.09,66446.0,136.0,1/0/00,Corporate Auto,SUV,639.46
AO87348,WA,Male,College,205062.35,0.0,61.0,1/0/00,Personal Auto,Four-Door Car,292.8
DE55857,WA,Femal,Bachelor,246544.49,64997.0,63.0,1/1/00,Personal Auto,Four-Door Car,383.44
LF66923,Nevada,Femal,High School or Below,534312.13,64460.0,66.0,1/0/00,Corporate Auto,Two-Door Car,316.8
CN24514,Arizona,Femal,College,811982.91,46618.0,67.0,1/0/00,Personal Auto,Four-Door Car,99.09
UW32074,Oregon,Femal,College,460526.52,0.0,64.0,1/0/00,Corporate Auto,Four-Door Car,307.2
HP36979,Cali,Male,College,640878.56,49988.0,84.0,1/5/00,Personal Auto,Two-Door Car,566.94
PP40919,Cali,Femal,College,237653.35,0.0,91.0,1/5/00,Personal Auto,Two-Door Car,436.8
RO73268,Cali,M,Bachelor,321107.0,16269.0,86.0,1/0/00,Corporate Auto,Two-Door Car,412.8
HO61691,Arizona,F,Bachelor,509452.23,72006.0,64.0,1/0/00,Personal Auto,Four-Door Car,307.2
BS13062,Arizona,F,High School or Below,2575527.82,0.0,81.0,1/2/00,Personal Auto,Four-Door Car,388.8
FO35655,Oregon,M,Bachelor,867222.97,0.0,245.0,1/0/00,Corporate Auto,Luxury SUV,2345.41
HR10526,Cali,M,Master,804473.07,44320.0,67.0,1/0/00,Personal Auto,Four-Door Car,321.6
IA63417,Arizona,F,High School or Below,400151.91,19782.0,108.0,1/0/00,Personal Auto,Two-Door Car,773.47
BH35016,Nevada,F,Bachelor,1670611.7,63933.0,70.0,1/0/00,Personal Auto,Two-Door Car,424.88
PK52952,Arizona,M,Doctor,854441.11,28224.0,109.0,1/0/00,Personal Auto,SUV,523.2
OD76309,WA,F,College,780531.29,21073.0,106.0,1/1/00,Personal Auto,SUV,508.8
IL28481,Oregon,M,Bachelor,611275.69,63243.0,77.0,1/0/00,Personal Auto,Four-Door Car,364.24
GY55092,Nevada,M,High School or Below,477294.38,20993.0,133.0,1/0/00,Personal Auto,SUV,638.4
UF33451,Oregon,F,Bachelor,1097909.56,94827.0,135.0,1/0/00,Personal Auto,SUV,354.73
CF15558,Cali,F,Master,500426.38,39161.0,63.0,1/1/00,Personal Auto,Two-Door Car,284.0
JM62924,WA,M,Bachelor,1322304.38,37534.0,84.0,1/2/00,Personal Auto,Four-Door Car,403.2
EM66435,Oregon,F,Bachelor,262331.54,80210.0,65.0,1/0/00,Corporate Auto,Four-Door Car,20.54
QX45933,Cali,M,Bachelor,1784019.56,0.0,62.0,1/0/00,Personal Auto,Four-Door Car,385.12
JI71369,Cali,F,College,510611.18,30110.0,64.0,1/0/00,Personal Auto,Four-Door Car,140.17
JU93290,Arizona,F,College,1793060.45,21708.0,68.0,1/0/00,Personal Auto,Four-Door Car,326.4
GU66096,Arizona,M,High School or Below,545734.26,94731.0,67.0,1/0/00,Personal Auto,Four-Door Car,321.6
UC33108,Cali,M,Bachelor,656364.41,32375.0,83.0,1/0/00,Personal Auto,Four-Door Car,398.4
LW93867,Oregon,M,College,481252.52,16531.0,63.0,1/0/00,Corporate Auto,Four-Door Car,102.88
OU78470,Arizona,F,Master,2932804.19,32006.0,94.0,1/0/00,Corporate Auto,Four-Door Car,56.87
XW90265,Arizona,F,Bachelor,577352.07,81676.0,72.0,1/0/00,Personal Auto,Two-Door Car,463.16
HS67749,Cali,M,College,684711.89,71038.0,86.0,1/0/00,Corporate Auto,Four-Door Car,205.44
VZ51506,Arizona,F,High School or Below,359531.29,0.0,103.0,1/0/00,Corporate Auto,Sports Car,741.6
UI64281,Nevada,F,Master,2285561.21,20832.0,65.0,1/0/00,Personal Auto,Two-Door Car,56.37
AE98193,WA,M,High School or Below,785941.46,0.0,113.0,1/0/00,Personal Auto,SUV,813.6
AZ74055,Oregon,M,High School or Below,411557.74,52405.0,103.0,1/0/00,Personal Auto,Four-Door Car,494.4
XS76911,Arizona,F,High School or Below,502963.88,0.0,133.0,1/0/00,Personal Auto,Sports Car,795.86
AY40674,WA,F,Bachelor,482141.85,26583.0,1005.0,1/4/00,Personal Auto,SUV,614.4
NA12740,Oregon,M,Master,500431.05,25486.0,65.0,1/0/00,Special Auto,Two-Door Car,72.44
UA84837,Arizona,M,College,863005.39,24065.0,111.0,1/0/00,Corporate Auto,Four-Door Car,532.8
DJ51510,Arizona,F,High School or Below,932208.51,70435.0,116.0,1/0/00,Personal Auto,Four-Door Car,67.88
VM58985,Cali,M,College,1672756.06,0.0,76.0,1/2/00,Personal Auto,Two-Door Car,402.64
OH60605,Oregon,F,High School or Below,365253.24,39679.0,92.0,1/0/00,Personal Auto,Two-Door Car,641.39
UO98052,Nevada,M,College,615860.12,0.0,89.0,1/0/00,Personal Auto,Four-Door Car,342.48
NC53424,Cali,M,Bachelor,437608.4,0.0,69.0,1/4/00,Personal Auto,Two-Door Car,331.2
LQ13873,Nevada,M,High School or Below,556945.62,53565.0,71.0,1/1/00,Personal Auto,Four-Door Car,340.8
LA97014,WA,M,Bachelor,257651.3,37574.0,66.0,1/1/00,Personal Auto,Two-Door Car,412.1
NB79936,WA,M,Bachelor,834698.32,48259.0,108.0,1/0/00,Personal Auto,Two-Door Car,73.7
NT89061,Arizona,F,High School or Below,632392.39,78532.0,78.0,1/0/00,Personal Auto,Four-Door Car,374.4
AF10970,Arizona,F,Bachelor,597314.34,96163.0,73.0,1/0/00,Corporate Auto,Four-Door Car,350.4
ZG48513,Cali,M,Bachelor,470667.7,0.0,72.0,1/0/00,Personal Auto,Four-Door Car,345.6
JQ59145,Cali,Male,High School or Below,809341.03,0.0,114.0,1/1/00,Personal Auto,Sports Car,722.02
FE84989,WA,Male,College,503574.46,72672.0,63.0,1/0/00,Personal Auto,Four-Door Car,259.36
JT52858,Oregon,F,Bachelor,902786.72,99002.0,112.0,1/1/00,Personal Auto,Four-Door Car,537.6
MC62068,California,Male,High School or Below,728888.48,79494.0,91.0,1/0/00,Personal Auto,Four-Door Car,396.3
EU27538,Oregon,Male,Master,1804247.94,35704.0,225.0,1/0/00,Personal Auto,Luxury Car,358.28
RH42306,Arizona,F,Bachelor,499206.3,0.0,71.0,1/0/00,Corporate Auto,Four-Door Car,653.39
US23612,Oregon,F,High School or Below,910226.78,26049.0,118.0,1/0/00,Personal Auto,Two-Door Car,121.03
WV76014,Arizona,Male,Doctor,254040.77,70125.0,64.0,1/0/00,Special Auto,Four-Door Car,92.81
RK96223,California,Male,College,1294189.19,52369.0,110.0,1/1/00,Personal Auto,SUV,528.0
MF82000,WA,female,Bachelor,236534.86,0.0,66.0,1/2/00,Special Auto,Four-Door Car,159.64
FM46980,Arizona,Male,College,572076.51,41770.0,72.0,1/0/00,Personal Auto,Four-Door Car,476.16
SY56792,Oregon,Male,High School or Below,703553.41,0.0,101.0,1/0/00,Corporate Auto,Four-Door Car,727.2
RF61565,California,M,College,263697.77,31911.0,67.0,1/0/00,Personal Auto,Four-Door Car,321.6
IM94808,Nevada,M,Bachelor,539583.2,70051.0,68.0,1/0/00,Corporate Auto,Four-Door Car,42.08
VI14730,Oregon,M,High School or Below,838263.01,19683.0,117.0,1/1/00,Personal Auto,Sports Car,561.6
YR34119,WA,F,College,3116174.52,30916.0,112.0,1/0/00,Personal Auto,SUV,200.12
RR77985,Oregon,F,Bachelor,288774.23,0.0,80.0,1/0/00,Personal Auto,Four-Door Car,676.94
QD28391,Washington,M,College,742584.53,84302.0,62.0,1/0/00,Personal Auto,Four-Door Car,76.61
WV17090,California,M,Bachelor,2558572.78,0.0,116.0,1/0/00,Corporate Auto,SUV,830.62
TM23514,Oregon,M,College,1027260.82,60145.0,132.0,1/0/00,Personal Auto,SUV,580.47
MQ68407,Oregon,F,Bachelor,437636.36,63774.0,111.0,1/0/00,Personal Auto,Four-Door Car,60.04
GJ59592,California,F,Bachelor,531889.66,25134.0,67.0,1/0/00,Corporate Auto,Four-Door Car,321.6
FY56083,Oregon,M,Bachelor,471976.22,37057.0,61.0,1/1/00,Personal Auto,Four-Door Car,47.53
UA94723,Oregon,F,High School or Below,442803.16,58577.0,110.0,1/0/00,Personal Auto,SUV,303.87
FW91032,California,M,High School or Below,587917.61,85857.0,73.0,1/0/00,Corporate Auto,Four-Door Car,100.62
DE34457,Oregon,F,Doctor,941690.85,70602.0,116.0,1/0/00,Personal Auto,SUV,481.34
HD32044,Oregon,F,Master,828815.56,33816.0,106.0,1/2/00,Corporate Auto,Four-Door Car,508.8
HH30454,Oregon,M,Bachelor,3265483.83,0.0,153.0,1/0/00,Personal Auto,SUV,1101.6
AH84063,Oregon,F,College,471945.01,89642.0,121.0,1/4/00,Corporate Auto,SUV,86.32
QA17596,California,F,Bachelor,390347.48,60068.0,98.0,1/0/00,Personal Auto,Two-Door Car,470.4
XI41052,California,F,Bachelor,545725.97,50044.0,139.0,1/0/00,Personal Auto,SUV,667.2
DI30528,California,F,Master,272535.64,36650.0,69.0,1/1/00,Personal Auto,Four-Door Car,56.6
SC66359,Arizona,F,College,443397.37,50653.0,110.0,1/0/00,Corporate Auto,SUV,262.87
EN61670,Arizona,F,Doctor,533246.27,68931.0,66.0,1/0/00,Personal Auto,Four-Door Car,309.58
DQ10761,Oregon,M,Bachelor,231509.5,0.0,73.0,1/1/00,Corporate Auto,Four-Door Car,350.4
BQ51587,California,F,College,541195.37,0.0,73.0,1/0/00,Personal Auto,Four-Door Car,365.36
JE21522,California,M,Bachelor,958733.23,39266.0,80.0,1/0/00,Personal Auto,Four-Door Car,384.0
WS47147,California,M,College,2210350.72,0.0,102.0,1/0/00,Personal Auto,SUV,489.6
ZA64638,Nevada,F,High School or Below,976494.53,0.0,98.0,1/1/00,Personal Auto,Four-Door Car,705.6
EW38459,Nevada,F,Bachelor,256715.15,40864.0,65.0,1/0/00,Corporate Auto,Four-Door Car,9.52
QW87316,Oregon,F,College,265062.28,39035.0,68.0,1/0/00,Personal Auto,Four-Door Car,244.56
IC43478,California,M,Bachelor,1126436.33,34923.0,98.0,1/0/00,Personal Auto,Two-Door Car,639.11
TE34064,California,M,High School or Below,216852.35,0.0,63.0,1/0/00,Personal Auto,Four-Door Car,453.6
WU60905,California,F,High School or Below,861066.75,0.0,111.0,1/0/00,Corporate Auto,SUV,532.8
YM18992,California,F,College,283464.62,24506.0,71.0,1/0/00,Personal Auto,Two-Door Car,511.2
PD55753,Oregon,M,High School or Below,893013.97,0.0,82.0,1/0/00,Personal Auto,Four-Door Car,554.52
KU56006,Arizona,F,College,553638.7,52220.0,70.0,1/1/00,Personal Auto,Four-Door Car,336.0
MJ69973,Arizona,M,High School or Below,284085.43,0.0,74.0,1/0/00,Personal Auto,Two-Door Car,402.45
TW43626,California,M,College,808288.1,53554.0,67.0,1/0/00,Personal Auto,Four-Door Car,327.02
XX84133,California,M,Bachelor,525473.43,34476.0,67.0,1/1/00,Corporate Auto,Four-Door Car,5.4
ZW84453,Arizona,F,Bachelor,511623.76,0.0,70.0,1/0/00,Personal Auto,Four-Door Car,131.4
HO29524,California,M,College,303464.7,68205.0,76.0,1/0/00,Personal Auto,Two-Door Car,99.38
VE89726,California,female,High School or Below,802489.99,0.0,119.0,1/1/00,Personal Auto,SUV,856.8
GE87503,California,M,High School or Below,1821114.32,53690.0,154.0,1/0/00,Personal Auto,SUV,739.2
PX90263,Oregon,M,High School or Below,512156.33,0.0,72.0,1/0/00,Personal Auto,Four-Door Car,518.4
NI17718,California,female,High School or Below,215017.86,0.0,61.0,1/0/00,Personal Auto,Four-Door Car,292.8
FY32213,California,female,High School or Below,559538.99,74454.0,71.0,1/0/00,Personal Auto,Four-Door Car,340.8
RZ13254,Nevada,female,Bachelor,756282.4,0.0,73.0,1/0/00,Personal Auto,Four-Door Car,350.4
GN45013,Oregon,M,High School or Below,538585.32,29664.0,71.0,1/0/00,Personal Auto,Four-Door Car,340.8
NM39588,Washington,F,Doctor,267805.83,72450.0,66.0,1/0/00,Corporate Auto,Four-Door Car,84.22
KU84464,Nevada,female,Bachelor,942256.79,47272.0,79.0,1/3/00,Personal Auto,Four-Door Car,64.55
YH43527,Oregon,female,College,360586.03,21585.0,92.0,1/0/00,Corporate Auto,Four-Door Car,441.6
RO30676,California,female,College,776259.06,23827.0,106.0,1/2/00,Personal Auto,Four-Door Car,37.91
QL59704,Arizona,female,College,2344490.05,69906.0,74.0,1/2/00,Corporate Auto,Four-Door Car,202.86
QH19450,California,female,High School or Below,255817.82,0.0,72.0,1/0/00,Corporate Auto,Four-Door Car,345.6
SA54664,Washington,M,Master,265438.1,73196.0,66.0,1/1/00,Personal Auto,Four-Door Car,85.81
CI38330,Washington,M,Bachelor,254978.61,72217.0,6464.0,1/0/00,Personal Auto,Four-Door Car,91.15
WB38524,California,M,High School or Below,296959.33,46131.0,74.0,1/0/00,Personal Auto,Two-Door Car,355.2
CE56187,Oregon,female,Master,436312.46,54514.0,109.0,1/3/00,Personal Auto,SUV,286.23
JL19416,California,female,High School or Below,588430.86,0.0,161.0,1/0/00,Personal Auto,SUV,1159.2
JZ61422,Nevada,female,College,527219.16,96668.0,66.0,1/0/00,Personal Auto,Four-Door Car,316.8
LA13377,California,M,Doctor,550989.57,78879.0,69.0,1/1/00,Personal Auto,Four-Door Car,466.57
NC99948,Nevada,M,College,1631368.35,0.0,69.0,1/0/00,Personal Auto,Four-Door Car,331.2
QD34785,Arizona,female,Bachelor,567805.02,0.0,76.0,1/0/00,Personal Auto,Four-Door Car,364.8
RO26085,California,female,Bachelor,1210120.88,0.0,112.0,1/0/00,Personal Auto,Sports Car,1252.41
ES57969,Oregon,M,Bachelor,245357.08,29735.0,69.0,1/0/00,Personal Auto,Four-Door Car,331.2
JK55587,California,M,High School or Below,507566.27,23082.0,65.0,1/0/00,Special Auto,Four-Door Car,312.0
RN97635,Arizona,M,Bachelor,321497.94,53984.0,80.0,1/0/00,Corporate Auto,Four-Door Car,421.48
BI76326,California,female,College,1227534.31,52135.0,156.0,1/0/00,Personal Auto,SUV,430.51
JA34909,California,female,College,272221.07,17576.0,71.0,1/0/00,Corporate Auto,Four-Door Car,398.5
OJ90342,Oregon,female,Bachelor,245744.09,29486.0,62.0,1/0/00,Personal Auto,Four-Door Car,7.65
CM88932,Oregon,female,Master,355484.53,58557.0,88.0,1/0/00,Corporate Auto,Four-Door Car,55.51
JJ97525,California,M,Bachelor,492954.97,25632.0,63.0,1/0/00,Personal Auto,Two-Door Car,351.27
XV21647,California,female,High School or Below,803645.03,0.0,112.0,1/0/00,Personal Auto,Sports Car,806.4
MC83487,Arizona,M,Bachelor,427691.53,18768.0,68.0,1/3/00,Corporate Auto,Four-Door Car,647.45
BL90769,California,female,Bachelor,3347334.95,33190.0,106.0,1/0/00,Personal Auto,SUV,508.8
CR57148,Oregon,female,Master,596058.14,47945.0,74.0,1/0/00,Personal Auto,Two-Door Car,128.44
CP85232,Arizona,M,College,4479546.94,58778.0,126.0,1/0/00,Special Auto,SUV,302.03
YL74732,California,female,High School or Below,383211.81,15192.0,100.0,1/0/00,Personal Auto,SUV,480.0
FG16766,California,female,Bachelor,683793.26,51859.0,171.0,1/0/00,Personal Auto,SUV,1003.16
NV55438,Nevada,female,High School or Below,528526.82,23422.0,72.0,1/0/00,Personal Auto,Two-Door Car,518.4
RM10880,California,female,College,309651.12,21604.0,79.0,1/0/00,Corporate Auto,Four-Door Car,379.2
GL56175,Arizona,M,College,358971.07,79298.0,90.0,1/0/00,Personal Auto,Four-Door Car,244.36
UK52289,Arizona,female,Bachelor,258240.85,76731.0,64.0,1/0/00,Special Auto,Four-Door Car,201.46
OT85112,Washington,M,College,340391.94,38460.0,88.0,1/1/00,Personal Auto,Four-Door Car,91.55
BC62782,Arizona,F,College,1357567.6,48534.0,115.0,1/1/00,Personal Auto,SUV,552.0
TI19722,Washington,M,Doctor,343613.43,30817.0,88.0,1/0/00,Corporate Auto,Four-Door Car,91.83
JP30654,Oregon,F,College,2868582.79,48412.0,104.0,1/0/00,Personal Auto,SUV,707.43
UM45563,Washington,M,Bachelor,450267.97,68798.0,114.0,1/0/00,Personal Auto,SUV,92.92
EN60878,Oregon,M,Bachelor,618311.15,23712.0,85.0,1/0/00,Personal Auto,Four-Door Car,376.13
JF36291,California,M,College,387364.7,28142.0,105.0,1/0/00,Personal Auto,Sports Car,701.71
BK59444,California,F,Master,1892933.06,72196.0,68.0,1/0/00,Personal Auto,Four-Door Car,152.18
MK70700,California,M,Master,555329.58,68197.0,69.0,1/0/00,Personal Auto,Four-Door Car,176.82
IW71076,California,M,Bachelor,501125.92,75248.0,63.0,1/0/00,Corporate Auto,Four-Door Car,104.45
AP98768,California,F,College,1044244.63,0.0,98.0,1/0/00,Personal Auto,Four-Door Car,941.72
OM24164,Nevada,M,Bachelor,219961.78,0.0,65.0,1/1/00,Personal Auto,Two-Door Car,468.0
HR85211,Washington,female,Master,512317.09,89879.0,63.0,1/0/00,Personal Auto,Two-Door Car,94.03
VC87846,Oregon,M,High School or Below,748431.05,46998.0,96.0,1/0/00,Corporate Auto,Four-Door Car,460.8
ZM92052,Oregon,M,Bachelor,261302.31,57099.0,67.0,1/0/00,Personal Auto,Two-Door Car,67.86
ON73702,Arizona,F,Bachelor,908063.97,33897.0,114.0,1/0/00,Corporate Auto,SUV,539.84
QQ90441,Nevada,F,High School or Below,1377097.62,59207.0,116.0,1/0/00,Personal Auto,Four-Door Car,556.8
HU35721,Oregon,M,High School or Below,287682.29,40171.0,73.0,1/0/00,Personal Auto,Four-Door Car,350.4
YP47665,Washington,M,Doctor,540891.15,80192.0,67.0,1/0/00,Personal Auto,Four-Door Car,95.19
FU99476,Washington,M,High School or Below,677030.68,74422.0,85.0,1/1/00,Personal Auto,Four-Door Car,95.34
AG85615,Oregon,M,College,2414387.56,0.0,87.0,1/0/00,Special Auto,Four-Door Car,626.4
OY74069,Arizona,F,College,353805.95,0.0,67.0,1/5/00,Personal Auto,Four-Door Car,321.6
DJ91267,Nevada,F,Bachelor,2909123.94,34226.0,244.0,1/0/00,Personal Auto,Luxury SUV,494.4
KB72438,California,F,High School or Below,1983420.12,65989.0,123.0,1/1/00,Personal Auto,SUV,115.55
TR67616,Oregon,M,High School or Below,473136.7,30686.0,61.0,1/0/00,Corporate Auto,Four-Door Car,19.94
GF65731,California,F,Master,3553784.6,0.0,113.0,1/0/00,Personal Auto,Sports Car,799.93
HB67642,Arizona,F,High School or Below,3461137.9,20090.0,109.0,1/0/00,Personal Auto,Sports Car,523.2
DP84567,California,M,High School or Below,2021630.88,0.0,183.0,1/0/00,Personal Auto,Luxury SUV,878.4
VV77534,Oregon,M,College,1397651.93,77094.0,176.0,1/0/00,Personal Auto,SUV,444.47
GL67540,California,F,College,590408.82,97413.0,73.0,1/0/00,Personal Auto,Four-Door Car,268.82
SV50502,Oregon,F,Master,559583.5,79189.0,69.0,1/0/00,Corporate Auto,Four-Door Car,331.2
UK59698,California,F,High School or Below,229430.36,0.0,62.0,1/0/00,Personal Auto,Two-Door Car,297.6
OA57352,Arizona,F,College,627391.19,18577.0,86.0,1/0/00,Personal Auto,Four-Door Car,412.8
ZF84449,Oregon,F,College,372672.8,0.0,112.0,1/1/00,Special Auto,Sports Car,806.4
AX86150,Washington,M,High School or Below,265671.31,62777.0,67.0,1/0/00,Personal Auto,Two-Door Car,101.29
HG39060,Oregon,Male,Bachelor,511068.08,0.0,74.0,1/0/00,Corporate Auto,Four-Door Car,532.8
EM29359,Nevada,Male,College,712659.65,17483.0,183.0,1/0/00,Personal Auto,Luxury Car,1317.6
SF57173,Oregon,Male,Master,460163.41,84394.0,114.0,1/0/00,Personal Auto,SUV,691.41
OT47603,Oregon,Male,College,915523.97,0.0,127.0,1/0/00,Personal Auto,Sports Car,804.81
SW31412,Oregon,F,College,1480805.62,41440.0,62.0,1/1/00,Personal Auto,Four-Door Car,297.6
JS36322,Arizona,Male,High School or Below,890167.84,0.0,136.0,1/1/00,Personal Auto,Sports Car,1090.86
RE81445,Oregon,F,College,573459.82,98132.0,71.0,1/0/00,Personal Auto,Two-Door Car,50.59
RM24280,Oregon,F,High School or Below,417769.7,0.0,112.0,1/0/00,Personal Auto,Four-Door Car,537.6
LC25393,California,Male,Bachelor,2777628.91,88220.0,230.0,1/0/00,Personal Auto,Luxury Car,151.53
UX38930,Arizona,F,Master,1036434.75,58327.0,129.0,1/0/00,Personal Auto,SUV,347.08
HD95496,Oregon,Male,Master,785190.14,25950.0,66.0,1/0/00,Personal Auto,Two-Door Car,271.7
RX24650,Oregon,Male,High School or Below,477294.38,20993.0,133.0,1/0/00,Corporate Auto,SUV,638.4
DW19309,Oregon,Male,High School or Below,1422650.49,65726.0,177.0,1/0/00,Corporate Auto,SUV,849.6
MT41386,Washington,M,Bachelors,287543.24,84768.0,72.0,1/0/00,Personal Auto,Two-Door Car,110.48
WZ40465,Washington,F,Bachelor,504129.96,36234.0,63.0,1/0/00,Personal Auto,Four-Door Car,113.53
DB42794,California,Male,College,436293.12,58842.0,110.0,1/0/00,Personal Auto,Four-Door Car,528.0
JB50798,Oregon,F,Master,962452.44,25629.0,124.0,1/2/00,Corporate Auto,Sports Car,595.2
IP69763,Washington,F,College,2191440.55,77311.0,181.0,1/0/00,Personal Auto,SUV,113.61
TE35785,California,Male,Doctor,694842.22,0.0,196.0,1/2/00,Personal Auto,Luxury SUV,1337.06
HX74855,Washington,M,High School or Below,247152.84,95697.0,61.0,1/0/00,Personal Auto,Two-Door Car,114.27
QN65180,Oregon,F,Bachelor,2190391.36,22254.0,79.0,1/0/00,Personal Auto,Four-Door Car,125.19
GE47180,Nevada,Male,High School or Below,902882.14,65974.0,113.0,1/0/00,Personal Auto,Sports Car,235.22
VQ38776,Oregon,F,College,530375.95,0.0,76.0,1/0/00,Personal Auto,Four-Door Car,395.34
BH86846,Washington,M,High School or Below,2070825.88,92079.0,65.0,1/1/00,Corporate Auto,Four-Door Car,114.8
IN17648,Nevada,Male,High School or Below,512376.81,0.0,74.0,1/0/00,Personal Auto,Two-Door Car,772.8
DF95759,Oregon,Male,College,949234.3,0.0,132.0,1/0/00,Personal Auto,SUV,633.6
QG45324,Oregon,F,High School or Below,820486.32,0.0,73.0,1/0/00,Personal Auto,Four-Door Car,350.4
MN61620,Arizona,F,College,987729.57,67752.0,131.0,1/4/00,Personal Auto,Sports Car,168.52
YH86390,California,F,Bachelor,481500.97,25398.0,64.0,1/0/00,Corporate Auto,Four-Door Car,307.2
FY13480,California,Male,High School or Below,627701.17,0.0,88.0,1/0/00,Personal Auto,Four-Door Car,633.6
YH61661,California,M,High School or Below,826063.98,33321.0,105.0,1/0/00,Special Auto,SUV,504.0
NL93182,Nevada,M,Bachelor,254945.0,0.0,78.0,1/0/00,Corporate Auto,Four-Door Car,845.65
WE68644,Oregon,F,Bachelor,380392.18,20325.0,100.0,1/0/00,Personal Auto,Sports Car,668.29
EZ30498,Oregon,M,Bachelor,863540.35,13129.0,117.0,1/0/00,Personal Auto,SUV,700.9
QY74517,Oregon,F,High School or Below,551055.9,0.0,73.0,1/0/00,Personal Auto,Four-Door Car,525.6
NM88660,Nevada,M,Master,358588.41,49080.0,91.0,1/0/00,Corporate Auto,Four-Door Car,25.3
MZ82036,Nevada,M,College,488925.28,42536.0,63.0,1/0/00,Personal Auto,Four-Door Car,375.33
ID20929,Oregon,M,Bachelor,275694.17,29926.0,74.0,1/0/00,Corporate Auto,Four-Door Car,418.23
EY50028,Nevada,M,Doctor,328954.74,0.0,86.0,1/0/00,Corporate Auto,Two-Door Car,398.24
TT82373,California,F,Bachelor,1093717.85,21450.0,138.0,1/0/00,Personal Auto,Sports Car,938.51
OH64088,California,M,High School or Below,737556.79,33345.0,65.0,1/0/00,Corporate Auto,Four-Door Car,338.62
SK97780,California,F,Bachelor,1011077.82,15752.0,90.0,1/0/00,Corporate Auto,Two-Door Car,339.34
IO33050,Oregon,F,High School or Below,511941.43,40169.0,65.0,1/1/00,Personal Auto,Four-Door Car,302.82
XA55917,California,F,College,853383.2,26049.0,113.0,1/1/00,Personal Auto,SUV,619.17
JK32620,Nevada,M,College,222476.8,0.0,68.0,1/0/00,Personal Auto,Four-Door Car,326.4
RQ19236,Arizona,M,Doctor,804280.38,55411.0,100.0,1/0/00,Personal Auto,Sports Car,259.56
QC47433,Oregon,M,College,255443.71,12459.0,70.0,1/0/00,Personal Auto,Four-Door Car,336.0
RA93608,Oregon,M,Bachelor,1807394.0,64620.0,76.0,1/1/00,Personal Auto,Two-Door Car,364.8
XH97711,California,M,Bachelor,243050.66,83140.0,61.0,1/0/00,Corporate Auto,Four-Door Car,179.16
AU96286,Oregon,F,Bachelor,316765.84,0.0,92.0,1/0/00,Corporate Auto,Four-Door Car,662.4
KC17170,Arizona,F,Bachelor,546560.4,54422.0,68.0,1/0/00,Corporate Auto,Four-Door Car,75.5
ZN47335,California,M,College,1035751.42,68309.0,131.0,1/0/00,Corporate Auto,SUV,306.98
EI46264,California,M,High School or Below,253781.39,56621.0,65.0,1/2/00,Personal Auto,Four-Door Car,84.03
EK87864,Arizona,F,College,282194.72,38977.0,70.0,1/0/00,Special Auto,Four-Door Car,139.49
GV45403,AZ,M,Bachelor,775712.81,0.0,111.0,1/0/00,Corporate Auto,Two-Door Car,607.45
QK31192,AZ,M,High School or Below,407913.27,0.0,114.0,1/0/00,Corporate Auto,Two-Door Car,631.12
LU89008,AZ,F,College,595554.46,0.0,83.0,1/0/00,Personal Auto,Four-Door Car,628.02
NS10490,Oregon,F,Bachelor,1415861.36,83235.0,70.0,1/0/00,Personal Auto,Two-Door Car,336.0
KL98495,Nevada,M,College,848723.8,0.0,74.0,1/0/00,Personal Auto,Two-Door Car,426.66
IU96845,AZ,M,College,628547.69,32390.0,80.0,1/0/00,Personal Auto,Four-Door Car,91.42
QL93655,Oregon,F,High School or Below,1147348.15,66538.0,95.0,1/0/00,Personal Auto,Two-Door Car,317.84
PF40592,Washington,F,College,494263.06,23285.0,65.0,1/0/00,Personal Auto,Two-Door Car,118.45
LZ34046,Oregon,M,Bachelor,2359468.02,76358.0,66.0,1/0/00,Personal Auto,Four-Door Car,86.46
JC80093,Washington,M,Master,257250.66,21104.0,66.0,1/0/00,Personal Auto,Four-Door Car,118.45
YE88490,AZ,F,College,538089.86,55350.0,67.0,1/0/00,Personal Auto,Four-Door Car,321.6
YC80498,California,F,College,477055.09,12964.0,65.0,1/0/00,Personal Auto,Two-Door Car,362.77
AI85843,AZ,F,Master,675665.14,33288.0,86.0,1/2/00,Personal Auto,Four-Door Car,221.86
XD66024,AZ,F,College,593601.18,0.0,84.0,1/0/00,Personal Auto,Four-Door Car,980.17
FY51713,AZ,F,Bachelor,357076.05,56168.0,88.0,1/0/00,Personal Auto,Four-Door Car,614.68
PH26378,California,M,College,601996.05,0.0,92.0,1/0/00,Personal Auto,Four-Door Car,662.4
WQ18638,Oregon,M,High School or Below,542686.4,23105.0,69.0,1/0/00,Personal Auto,Two-Door Car,331.2
KY14688,Oregon,F,Master,273031.38,36218.0,68.0,1/0/00,Personal Auto,Four-Door Car,145.25
TC97762,California,F,High School or Below,498268.14,52275.0,62.0,1/0/00,Corporate Auto,Four-Door Car,374.24
QC87108,Oregon,F,College,876926.68,49665.0,74.0,1/0/00,Personal Auto,Four-Door Car,355.2
CX12134,Nevada,M,High School or Below,422061.35,32471.0,110.0,1/0/00,Personal Auto,Two-Door Car,528.0
SM73248,AZ,M,High School or Below,1153750.51,0.0,86.0,1/1/00,Corporate Auto,Two-Door Car,619.2
CK19789,California,F,Master,588718.2,62773.0,73.0,1/0/00,Personal Auto,Four-Door Car,80.67
UV12583,California,F,College,470058.38,76694.0,117.0,1/0/00,Personal Auto,SUV,561.6
JC11405,Oregon,M,High School or Below,1096395.72,55687.0,276.0,1/0/00,Personal Auto,Luxury SUV,1324.8
KA89683,AZ,F,High School or Below,252317.12,0.0,70.0,1/0/00,Personal Auto,Four-Door Car,504.0
BG85305,Nevada,M,Doctor,375780.47,36633.0,96.0,1/1/00,Personal Auto,Four-Door Car,460.8
UQ87917,Oregon,M,High School or Below,1294173.35,77060.0,106.0,1/0/00,Personal Auto,SUV,468.57
XN11823,Nevada,F,Bachelor,376446.51,92600.0,94.0,1/0/00,Corporate Auto,Two-Door Car,842.44
OS46571,California,M,High School or Below,688955.7,0.0,66.0,1/0/00,Personal Auto,Four-Door Car,475.2
PX17116,Nevada,M,College,362345.42,0.0,111.0,1/2/00,Corporate Auto,SUV,1171.93
RP19541,AZ,M,College,758211.38,64801.0,64.0,1/0/00,Personal Auto,Four-Door Car,268.47
ZR25747,Oregon,F,College,827774.56,45257.0,103.0,1/0/00,Corporate Auto,Two-Door Car,494.4
NQ86532,California,M,High School or Below,257645.56,26854.0,66.0,1/0/00,Personal Auto,Four-Door Car,475.2
JY27336,Oregon,F,College,820538.79,85840.0,102.0,1/2/00,Corporate Auto,SUV,138.72
PB54378,Oregon,F,Doctor,1958246.89,26463.0,72.0,1/0/00,Corporate Auto,Four-Door Car,345.6
SV38190,Nevada,F,Bachelor,648152.66,30689.0,81.0,1/0/00,Personal Auto,Four-Door Car,467.25
CV24005,Oregon,M,High School or Below,259931.09,29590.0,66.0,1/0/00,Corporate Auto,Two-Door Car,467.5
EX28656,Oregon,F,College,983033.76,25965.0,253.0,1/0/00,Personal Auto,Luxury SUV,1214.4
CF57022,Oregon,M,Bachelor,1044265.14,17269.0,139.0,1/0/00,Personal Auto,SUV,667.2
GM16780,Oregon,M,College,3605753.7,90330.0,137.0,1/3/00,Corporate Auto,Sports Car,192.09
BX94438,California,F,High School or Below,847003.68,0.0,113.0,1/0/00,Corporate Auto,SUV,619.97
RM41745,California,F,High School or Below,827878.65,0.0,110.0,1/0/00,Personal Auto,Four-Door Car,1002.78
XR70252,California,F,High School or Below,478893.26,0.0,67.0,1/1/00,Personal Auto,Two-Door Car,321.6
YH92099,AZ,F,Bachelor,308799.99,18558.0,80.0,1/0/00,Special Auto,Four-Door Car,384.0
SG81493,Arizona,M,Bachelor,444373.62,46384.0,113.0,1/0/00,Corporate Auto,Four-Door Car,251.77
ZX23819,Oregon,F,High School or Below,798408.65,0.0,72.0,1/0/00,Personal Auto,Two-Door Car,866.21
FJ54907,Oregon,F,College,718097.1,42303.0,180.0,1/0/00,Personal Auto,Luxury SUV,1210.92
CU26127,California,F,Bachelor,1565603.43,71731.0,130.0,1/0/00,Corporate Auto,SUV,599.65
YH60476,Oregon,M,High School or Below,578018.22,51066.0,74.0,1/0/00,Corporate Auto,Four-Door Car,787.99
ZZ97035,California,M,College,2071494.04,0.0,203.0,1/0/00,Corporate Auto,Luxury Car,2027.72
GE82737,Nevada,F,Bachelor,533735.24,0.0,86.0,1/3/00,Personal Auto,Four-Door Car,619.2
KY21873,Arizona,M,College,505082.62,0.0,69.0,1/0/00,Personal Auto,Two-Door Car,72.85
UA51318,Arizona,F,High School or Below,511662.4,26173.0,68.0,1/1/00,Corporate Auto,Four-Door Car,449.82
BV55014,Oregon,M,Bachelor,726873.7,24445.0,63.0,1/0/00,Personal Auto,Two-Door Car,302.4
HX21307,Oregon,Male,College,261661.39,72302.0,66.0,1/0/00,Personal Auto,Two-Door Car,316.8
LQ68252,Oregon,Male,High School or Below,373843.62,27208.0,102.0,1/0/00,Personal Auto,SUV,489.6
CR92802,California,F,Master,272535.64,36650.0,69.0,1/1/00,Special Auto,Four-Door Car,56.6
SL35268,Arizona,Male,College,545386.12,30855.0,68.0,1/0/00,Corporate Auto,Four-Door Car,259.06
RD62882,Arizona,F,Bachelor,684615.03,0.0,95.0,1/0/00,Personal Auto,Two-Door Car,456.0
JS42382,Oregon,Male,Master,617291.42,99960.0,76.0,1/0/00,Corporate Auto,Four-Door Car,364.8
BT30554,Arizona,F,Bachelor,1034632.45,0.0,98.0,1/0/00,Personal Auto,Four-Door Car,470.4
VP57424,Nevada,F,Bachelor,699700.86,55873.0,88.0,1/0/00,Personal Auto,Four-Door Car,299.36
VU19243,Arizona,F,High School or Below,419625.77,18052.0,111.0,1/0/00,Personal Auto,Four-Door Car,699.17
TA82973,Oregon,F,High School or Below,785810.98,28937.0,104.0,1/2/00,Personal Auto,SUV,117.96
GK71720,Oregon,F,High School or Below,606434.4,0.0,86.0,1/0/00,Personal Auto,Four-Door Car,545.24
OQ61223,California,Male,College,1749752.2,0.0,73.0,1/0/00,Personal Auto,Two-Door Car,350.4
LL62746,Oregon,Male,Doctor,897064.73,12829.0,118.0,1/0/00,Personal Auto,SUV,328.23
JQ56711,Oregon,F,Master,592311.72,92163.0,73.0,1/0/00,Personal Auto,Two-Door Car,66.57
AW77988,Oregon,Male,High School or Below,3585059.94,17588.0,192.0,1/0/00,Personal Auto,Luxury Car,1382.4
QP84605,Washington,F,Bachelor,870984.53,41546.0,111.0,1/0/00,Corporate Auto,Four-Door Car,121.31
MY97912,Arizona,Male,College,1330933.52,0.0,127.0,1/0/00,Personal Auto,SUV,609.6
IB87349,California,M,High School or Below,452850.49,70340.0,113.0,1/0/00,Special Auto,Four-Door Car,542.4
AW73065,Oregon,F,High School or Below,279190.65,0.0,74.0,1/0/00,Personal Auto,Four-Door Car,532.8
BW80872,Washington,M,High School or Below,443441.12,34549.0,111.0,1/0/00,Personal Auto,Four-Door Car,125.93
PX70175,Arizona,M,College,799600.75,93459.0,99.0,1/0/00,Personal Auto,Four-Door Car,655.41
KF75098,Arizona,M,Bachelor,512973.9,86148.0,65.0,1/2/00,Personal Auto,Four-Door Car,312.0
IS50283,California,F,Bachelor,569717.52,27048.0,72.0,1/0/00,Corporate Auto,Four-Door Car,345.6
MY64920,Oregon,F,College,921713.06,73259.0,115.0,1/0/00,Personal Auto,SUV,673.34
KN34250,Oregon,F,College,1020892.76,35482.0,129.0,1/0/00,Corporate Auto,SUV,619.2
GN46207,Oregon,F,Master,417068.73,29462.0,107.0,1/1/00,Personal Auto,SUV,513.6
KL57176,Oregon,F,College,450540.58,67801.0,115.0,1/1/00,Personal Auto,SUV,23.81
MN94234,California,M,High School or Below,310756.86,0.0,94.0,1/4/00,Personal Auto,Two-Door Car,451.2
JY90595,Arizona,M,High School or Below,552866.5,16042.0,73.0,1/0/00,Personal Auto,Two-Door Car,350.4
HK26543,California,M,High School or Below,504586.67,28056.0,64.0,1/1/00,Personal Auto,Four-Door Car,307.2
PN86062,California,M,High School or Below,296272.25,16495.0,85.0,1/3/00,Corporate Auto,Four-Door Car,408.0
VW27730,California,F,Master,866595.64,41163.0,108.0,1/0/00,Corporate Auto,SUV,231.92
SH55671,Arizona,F,College,1141344.12,0.0,161.0,1/1/00,Personal Auto,Sports Car,772.8
MO56878,California,M,Bachelor,1548843.2,33799.0,109.0,1/3/00,Corporate Auto,SUV,664.98
VO38365,Washington,F,College,886114.95,90125.0,110.0,1/0/00,Corporate Auto,SUV,128.65
SV35618,Oregon,F,Bachelor,593474.15,87747.0,147.0,1/1/00,Personal Auto,SUV,46.49
RX12347,Nevada,M,College,354323.21,35695.0,90.0,1/0/00,Personal Auto,Four-Door Car,432.0
FR55658,California,M,Master,349002.83,90985.0,87.0,1/0/00,Personal Auto,Four-Door Car,78.09
XS12556,California,F,College,368309.99,0.0,101.0,1/0/00,Corporate Auto,Sports Car,564.47
ZU73588,California,M,College,598977.39,66839.0,154.0,1/0/00,Personal Auto,Sports Car,739.2
WT43034,California,F,High School or Below,1250084.3,0.0,165.0,1/0/00,Personal Auto,SUV,792.0
VM13430,Oregon,F,Bachelor,860915.82,79090.0,107.0,1/0/00,Corporate Auto,SUV,289.04
TC78849,Oregon,M,Bachelor,249745.51,24825.0,64.0,1/0/00,Personal Auto,Two-Door Car,155.94
VC34764,California,M,College,701917.72,26806.0,63.0,1/0/00,Personal Auto,Four-Door Car,302.4
WO90953,Oregon,F,College,538792.63,56835.0,67.0,1/0/00,Personal Auto,Two-Door Car,326.55
IU47468,Oregon,F,Bachelor,616555.75,0.0,88.0,1/0/00,Special Auto,Two-Door Car,653.66
KO46064,California,M,Bachelor,273020.29,46135.0,69.0,1/0/00,Personal Auto,Four-Door Car,103.94
RB34917,Arizona,F,Bachelor,516211.69,0.0,73.0,1/0/00,Personal Auto,Four-Door Car,809.53
BI38192,Oregon,F,High School or Below,793706.48,22862.0,67.0,1/0/00,Personal Auto,Two-Door Car,321.6
PU18983,Oregon,F,High School or Below,860815.72,21450.0,110.0,1/2/00,Personal Auto,Sports Car,528.0
SW79912,Oregon,M,Bachelor,263254.58,95854.0,65.0,1/0/00,Personal Auto,Two-Door Car,312.0
ES39217,Oregon,F,Bachelor,778500.42,44897.0,99.0,1/1/00,Personal Auto,Four-Door Car,580.73
KP72427,Washington,M,High School or Below,2163983.86,64455.0,108.0,1/0/00,Personal Auto,SUV,133.74
UA19178,Oregon,F,Master,498082.5,53265.0,62.0,1/0/00,Personal Auto,Four-Door Car,238.01
PR53785,Arizona,F,High School or Below,745723.78,0.0,198.0,1/1/00,Personal Auto,Luxury Car,1577.67
XF57481,Washington,M,Master,1064093.93,50450.0,90.0,1/0/00,Personal Auto,Two-Door Car,135.89
CN90378,California,F,High School or Below,686250.83,54780.0,88.0,1/3/00,Personal Auto,Four-Door Car,135.26
KI56154,Nevada,M,High School or Below,904898.34,0.0,119.0,1/0/00,Personal Auto,Sports Car,571.2
UI55951,California,M,Bachelor,554803.19,67798.0,69.0,1/0/00,Personal Auto,Four-Door Car,331.2
FF28650,Oregon,M,Bachelor,831268.16,21442.0,118.0,1/0/00,Personal Auto,SUV,566.4
FS55302,California,M,Bachelor,238998.1,27615.0,62.0,1/1/00,Personal Auto,Four-Door Car,297.6
TN79487,California,M,Bachelor,445811.34,17622.0,65.0,1/1/00,Personal Auto,Four-Door Car,312.0
HG32616,Nevada,M,High School or Below,529574.17,50200.0,135.0,1/0/00,Personal Auto,Sports Car,637.06
UK41984,Arizona,F,Doctor,383960.61,0.0,112.0,1/2/00,Personal Auto,SUV,537.6
LZ52266,California,F,High School or Below,373150.46,0.0,96.0,1/0/00,Personal Auto,Four-Door Car,460.8
PM27367,California,F,Master,277890.37,73570.0,70.0,1/1/00,Special Auto,Two-Door Car,75.94
ZK21724,Oregon,F,High School or Below,401654.2,0.0,111.0,1/0/00,Personal Auto,SUV,799.2
BH35482,Washington,M,Doctor,493094.93,70412.0,61.0,1/0/00,Corporate Auto,Two-Door Car,136.29
QE22757,Nevada,M,Doctor,249131.7,36631.0,62.0,1/0/00,Personal Auto,Four-Door Car,67.53
ON77649,Oregon,F,College,290887.59,35895.0,73.0,1/0/00,Personal Auto,Four-Door Car,312.92
RN82884,Arizona,F,College,428294.8,40864.0,109.0,1/1/00,Personal Auto,SUV,166.94
CQ75652,Oregon,M,College,834162.37,0.0,118.0,1/0/00,Personal Auto,Four-Door Car,566.4
FF58467,Arizona,F,Master,509078.13,93018.0,63.0,1/0/00,Personal Auto,Four-Door Car,135.38
BS83666,Oregon,M,Bachelor,736618.83,70014.0,62.0,1/0/00,Corporate Auto,Four-Door Car,17.74
WO29605,Oregon,F,College,243687.51,48875.0,61.0,1/0/00,Personal Auto,Two-Door Car,1.84
TL77607,California,M,Bachelor,885268.87,67969.0,74.0,1/0/00,Personal Auto,Four-Door Car,197.78
EZ50606,Oregon,F,High School or Below,2387547.68,0.0,108.0,1/0/00,Corporate Auto,SUV,612.1
OS39723,Oregon,F,Doctor,560049.65,68665.0,69.0,1/0/00,Personal Auto,Two-Door Car,331.2
FN69743,California,M,College,463654.65,26802.0,66.0,1/1/00,Corporate Auto,Two-Door Car,316.8
XW96958,Nevada,M,High School or Below,757334.51,0.0,110.0,1/0/00,Corporate Auto,Four-Door Car,1193.04
TU92578,California,M,College,1469663.55,45345.0,125.0,1/0/00,Personal Auto,SUV,600.0
TL43709,Washington,M,Bachelors,897214.03,89689.0,74.0,1/0/00,Personal Auto,Four-Door Car,136.83
YE68736,California,F,Bachelor,772484.01,32051.0,193.0,1/1/00,Personal Auto,SUV,926.4
OB96537,Oregon,M,Master,594667.07,81139.0,74.0,1/0/00,Special Auto,Four-Door Car,392.64
EU68825,Oregon,F,Master,800054.51,63834.0,100.0,1/1/00,Personal Auto,Sports Car,215.23
CC31456,Arizona,M,Bachelor,645756.1,37548.0,81.0,1/0/00,Special Auto,Four-Door Car,160.6
DJ77787,Arizona,F,High School or Below,728144.01,0.0,69.0,1/3/00,Personal Auto,Four-Door Car,371.8
LN26837,California,M,High School or Below,259243.78,72421.0,65.0,1/0/00,Personal Auto,Four-Door Car,312.0
YI92916,Nevada,M,Master,467842.34,83102.0,116.0,1/0/00,Corporate Auto,Four-Door Car,443.67
NW54906,Oregon,M,College,1386992.71,28432.0,118.0,1/0/00,Personal Auto,SUV,612.3
ME77513,Nevada,F,Master,871777.78,83707.0,108.0,1/0/00,Corporate Auto,Four-Door Car,290.39
UK76891,California,F,College,523398.68,63259.0,65.0,1/0/00,Corporate Auto,Four-Door Car,316.8
SI26888,Nevada,F,High School or Below,476418.97,0.0,67.0,1/0/00,Personal Auto,Four-Door Car,405.53
YD74948,Oregon,F,College,247246.92,63860.0,62.0,1/0/00,Personal Auto,Four-Door Car,208.6
HB64268,Washington,M,Bachelor,281369.26,43836.0,73.0,1/0/00,Personal Auto,Four-Door Car,138.13
BW52697,California,F,College,550505.7,86132.0,68.0,1/0/00,Personal Auto,Two-Door Car,301.44
NL41409,Oregon,F,Bachelor,260620.85,28519.0,66.0,1/0/00,Personal Auto,Two-Door Car,456.47
OD69005,Arizona,F,High School or Below,1048194.38,39102.0,88.0,1/0/00,Personal Auto,Four-Door Car,152.34
ZZ91716,California,F,Bachelor,325676.64,0.0,89.0,1/0/00,Personal Auto,Four-Door Car,491.76
UK70255,California,F,College,3047578.05,97298.0,128.0,1/0/00,Personal Auto,Sports Car,48.52
QT25383,Nevada,M,High School or Below,636490.22,41986.0,84.0,1/2/00,Personal Auto,Two-Door Car,430.38
AW18068,Arizona,M,High School or Below,946850.93,0.0,88.0,1/0/00,Personal Auto,Two-Door Car,633.6
NS45347,Oregon,F,College,563145.19,17291.0,73.0,1/0/00,Personal Auto,Four-Door Car,350.4
FV19421,California,M,Bachelor,778099.93,0.0,74.0,1/0/00,Personal Auto,Four-Door Car,246.49
XW89091,California,M,College,981652.83,37256.0,62.0,1/0/00,Personal Auto,Four-Door Car,128.97
YC11951,Oregon,M,High School or Below,751913.36,96306.0,95.0,1/1/00,Corporate Auto,Four-Door Car,185.36
UY18770,California,F,Bachelor,1017971.7,14290.0,271.0,1/0/00,Personal Auto,Luxury SUV,1300.8
RA49085,California,F,College,277283.92,37038.0,71.0,1/1/00,Corporate Auto,Four-Door Car,9.07
BG84194,Oregon,M,College,403750.18,90760.0,103.0,1/2/00,Special Auto,SUV,133.48
PT64580,Washington,M,Master,419196.61,77048.0,103.0,1/0/00,Personal Auto,SUV,141.2
MR67738,Oregon,F,High School or Below,267686.79,54480.0,67.0,1/0/00,Personal Auto,Four-Door Car,321.6
DM95829,California,M,College,252395.96,16244.0,68.0,1/0/00,Personal Auto,Two-Door Car,623.22
DB75522,California,F,College,698840.16,22436.0,89.0,1/0/00,Special Auto,Four-Door Car,427.2
LM34525,Washington,F,College,874205.78,71592.0,72.0,1/0/00,Personal Auto,Four-Door Car,141.73
WW30771,Arizona,M,Master,267331.96,28728.0,67.0,1/0/00,Personal Auto,Four-Door Car,321.6
QP65569,Arizona,M,High School or Below,1215732.99,57449.0,103.0,1/0/00,Personal Auto,Four-Door Car,494.4
TN50051,California,F,Doctor,295776.4,83318.0,73.0,1/0/00,Personal Auto,Two-Door Car,211.34
UO86707,Washington,M,Bachelors,717390.94,75217.0,61.0,1/1/00,Personal Auto,Four-Door Car,147.08
JA41698,Nevada,M,Bachelor,309953.8,0.0,102.0,1/5/00,Corporate Auto,SUV,862.76
NX18774,Oregon,M,Bachelor,841568.46,55308.0,107.0,1/0/00,Corporate Auto,SUV,513.6
DA69469,Oregon,F,College,2684312.45,36068.0,97.0,1/0/00,Personal Auto,Two-Door Car,113.37
CN23147,Oregon,M,Bachelor,1305717.07,48804.0,112.0,1/1/00,Corporate Auto,Four-Door Car,537.6
RA68844,Oregon,M,College,959995.02,0.0,131.0,1/0/00,Personal Auto,SUV,943.2
GH42026,Oregon,M,Bachelor,853510.89,55790.0,111.0,1/0/00,Personal Auto,SUV,117.67
BD16530,Arizona,F,Bachelor,829348.19,70258.0,69.0,1/0/00,Personal Auto,Four-Door Car,225.15
JH91579,Oregon,F,Bachelor,684615.03,0.0,95.0,1/0/00,Personal Auto,Two-Door Car,456.0
WK23685,Oregon,F,Bachelor,663685.98,47274.0,83.0,1/1/00,Corporate Auto,Four-Door Car,182.43
GR62267,Washington,F,College,560908.25,44705.0,71.0,1/0/00,Personal Auto,Two-Door Car,148.17
PI78084,Arizona,M,High School or Below,507732.09,0.0,73.0,1/0/00,Personal Auto,Two-Door Car,525.6
GF97874,Washington,F,Master,527562.7,70446.0,65.0,1/0/00,Personal Auto,Four-Door Car,155.57
ZH19885,Washington,F,High School or Below,251459.2,43860.0,65.0,1/0/00,Personal Auto,Four-Door Car,156.12
UK25655,Oregon,F,Bachelor,343525.01,64348.0,86.0,1/0/00,Personal Auto,Two-Door Car,212.39
QR45101,Oregon,M,Bachelor,662461.18,0.0,62.0,1/0/00,Corporate Auto,Two-Door Car,297.6
EL93539,California,M,Master,575744.23,88997.0,72.0,1/0/00,Special Auto,Four-Door Car,174.04
EE99484,Washington,F,High School or Below,251459.2,43860.0,65.0,1/0/00,Corporate Auto,Four-Door Car,156.12
DP46882,California,F,High School or Below,288645.16,10312.0,78.0,1/0/00,Corporate Auto,Four-Door Car,486.28
WP41146,California,F,High School or Below,534143.88,0.0,72.0,1/1/00,Personal Auto,Four-Door Car,345.6
TK60799,Arizona,F,High School or Below,416001.81,96263.0,103.0,1/0/00,Personal Auto,SUV,1.92
DN29808,California,F,College,284624.54,28919.0,72.0,1/0/00,Corporate Auto,Four-Door Car,518.4
SS59521,Oregon,F,College,477025.66,0.0,68.0,1/1/00,Personal Auto,Two-Door Car,326.4
NG66579,Oregon,M,Bachelor,505961.62,41869.0,64.0,1/0/00,Personal Auto,Two-Door Car,262.12
TC14209,Arizona,F,High School or Below,909574.46,0.0,128.0,1/0/00,Personal Auto,SUV,921.6
ED50963,California,F,High School or Below,268886.4,32808.0,68.0,1/1/00,Personal Auto,Four-Door Car,541.7
GP40701,California,F,Bachelor,827763.76,79780.0,68.0,1/0/00,Personal Auto,Four-Door Car,326.4
CP98451,Oregon,F,College,905793.53,91025.0,112.0,1/0/00,Personal Auto,SUV,327.68
NX52648,California,F,High School or Below,380175.04,33043.0,95.0,1/0/00,Personal Auto,Two-Door Car,456.0
ZC32510,Arizona,M,High School or Below,933934.16,69442.0,118.0,1/3/00,Personal Auto,Four-Door Car,1265.57
NG27780,Oregon,M,College,252012.32,0.0,70.0,1/0/00,Corporate Auto,Four-Door Car,63.04
HN95240,Arizona,F,College,498409.53,0.0,70.0,1/0/00,Corporate Auto,Four-Door Car,336.0
EB59129,Oregon,F,Bachelor,259574.8,47234.0,65.0,1/0/00,Personal Auto,Four-Door Car,15.63
RA70851,Oregon,M,High School or Below,743769.33,86863.0,92.0,1/0/00,Personal Auto,Four-Door Car,441.6
PM19162,Oregon,M,Bachelor,1453678.76,25805.0,66.0,1/2/00,Personal Auto,Four-Door Car,375.87
MS59005,Nevada,M,Bachelor,591330.59,43676.0,76.0,1/0/00,Personal Auto,Four-Door Car,364.8
SU71163,Arizona,M,College,277166.3,59855.0,74.0,1/4/00,Personal Auto,Two-Door Car,355.2
BD35676,Arizona,M,Master,2919436.64,35296.0,126.0,1/0/00,Personal Auto,SUV,452.62
NI44621,Oregon,F,Master,988038.58,36576.0,125.0,1/1/00,Personal Auto,SUV,113.45
EW33419,California,F,High School or Below,1511440.24,28513.0,100.0,1/1/00,Corporate Auto,SUV,480.0
HX44948,Oregon,M,Bachelor,575991.08,85448.0,72.0,1/0/00,Special Auto,Four-Door Car,16.03
DL36983,Oregon,F,High School or Below,849516.42,23791.0,110.0,1/3/00,Personal Auto,Two-Door Car,615.27
XR87264,California,F,Bachelor,438118.42,20597.0,112.0,1/0/00,Personal Auto,Four-Door Car,615.26
NN99001,Arizona,F,College,699782.74,56940.0,87.0,1/0/00,Personal Auto,Four-Door Car,512.66
XV95530,Oregon,M,Bachelor,1143058.85,93210.0,71.0,1/0/00,Personal Auto,Two-Door Car,74.52
OL97871,Oregon,F,Bachelor,748248.61,48992.0,94.0,1/1/00,Personal Auto,Four-Door Car,426.07
HQ23708,Arizona,F,Master,859691.66,53736.0,71.0,1/0/00,Personal Auto,Two-Door Car,169.29
WR63188,Arizona,M,College,785496.08,25378.0,66.0,1/1/00,Personal Auto,Four-Door Car,419.46
NG82219,Oregon,F,Bachelor,258240.85,76731.0,64.0,1/0/00,Personal Auto,Four-Door Car,201.46
KU29408,Washington,M,Master,907576.82,37722.0,116.0,1/0/00,Corporate Auto,Sports Car,158.08
RE46783,California,F,Bachelor,411858.86,69379.0,103.0,1/0/00,Personal Auto,Two-Door Car,494.4
RU94434,Oregon,M,High School or Below,1215732.99,57449.0,103.0,1/0/00,Personal Auto,Four-Door Car,494.4
GI82355,Arizona,M,Bachelor,515281.96,0.0,68.0,1/0/00,Corporate Auto,Four-Door Car,326.4
VO26340,Nevada,M,College,651297.65,0.0,93.0,1/0/00,Personal Auto,Two-Door Car,669.6
NV61299,Arizona,F,Bachelor,2778969.24,33806.0,89.0,1/0/00,Corporate Auto,Four-Door Car,395.73
DX31066,Washington,F,College,266727.0,94041.0,66.0,1/0/00,Personal Auto,Four-Door Car,159.76
CY50337,Oregon,F,College,1092840.71,74965.0,90.0,1/0/00,Personal Auto,Four-Door Car,58.56
TJ20375,Arizona,F,High School or Below,761538.13,34095.0,63.0,1/0/00,Personal Auto,Two-Door Car,302.4
EP72155,California,F,College,200435.07,0.0,66.0,1/4/00,Personal Auto,Four-Door Car,316.8
JJ76159,California,M,College,243468.12,96045.0,61.0,1/0/00,Corporate Auto,Four-Door Car,8.58
BG15419,Nevada,F,Bachelor,1419536.03,86355.0,118.0,1/0/00,Personal Auto,Sports Car,285.42
AO74776,California,F,High School or Below,942768.49,27824.0,118.0,1/0/00,Personal Auto,SUV,566.4
HQ82233,California,M,High School or Below,1198242.09,42995.0,101.0,1/0/00,Personal Auto,SUV,410.51
OL72737,Oregon,F,High School or Below,310278.95,21235.0,79.0,1/0/00,Personal Auto,Two-Door Car,244.23
ZQ59828,California,M,High School or Below,422263.12,74585.0,106.0,1/0/00,Personal Auto,SUV,218.6
NZ15548,Oregon,M,Bachelor,402381.44,41833.0,103.0,1/0/00,Personal Auto,Four-Door Car,643.83
XK61304,California,F,College,529715.18,23908.0,70.0,1/0/00,Personal Auto,Four-Door Car,336.0
EJ44139,Oregon,M,Bachelor,2142363.72,0.0,65.0,1/0/00,Personal Auto,Two-Door Car,312.0
CM94425,Arizona,M,Bachelor,441620.62,61953.0,113.0,1/0/00,Personal Auto,SUV,497.05
OV54878,California,M,Bachelor,463903.52,0.0,142.0,1/0/00,Corporate Auto,SUV,1022.4
JF57282,Nevada,M,Bachelor,486354.46,0.0,137.0,1/0/00,Personal Auto,SUV,657.6
MY37953,Arizona,F,Bachelor,2583090.98,73760.0,107.0,1/1/00,Personal Auto,Sports Car,230.25
XP64922,Oregon,F,College,297431.49,23333.0,74.0,1/0/00,Corporate Auto,Four-Door Car,5.62
WL65572,California,M,College,206445.88,0.0,61.0,1/0/00,Personal Auto,Four-Door Car,292.8
LN50325,Arizona,F,High School or Below,1006460.83,20440.0,128.0,1/2/00,Corporate Auto,Sports Car,614.4
HJ15383,Washington,M,Master,803240.19,27658.0,68.0,1/0/00,Personal Auto,Four-Door Car,160.08
KH59823,California,M,College,548921.41,50943.0,139.0,1/0/00,Special Auto,SUV,667.2
YM79169,California,M,Bachelor,261275.67,19003.0,71.0,1/0/00,Personal Auto,Two-Door Car,34.65
DR38127,California,M,College,857346.39,46703.0,108.0,1/0/00,Personal Auto,Four-Door Car,678.1
PU42145,California,M,Bachelor,2412750.4,14072.0,71.0,1/0/00,Personal Auto,Four-Door Car,511.2
KM33477,Oregon,M,College,855038.66,21733.0,73.0,1/0/00,Corporate Auto,Four-Door Car,525.6
RI53167,Arizona,M,Bachelor,230864.8,20811.0,61.0,1/0/00,Personal Auto,Four-Door Car,292.8
OF77789,Arizona,F,High School or Below,425462.07,11904.0,61.0,1/2/00,Personal Auto,Two-Door Car,292.8
YB33445,Oregon,F,College,898285.04,43490.0,114.0,1/4/00,Corporate Auto,SUV,174.59
BA17836,California,M,High School or Below,786816.6,57340.0,67.0,1/0/00,Corporate Auto,Four-Door Car,159.39
JS43228,California,M,College,770424.87,49088.0,97.0,1/0/00,Corporate Auto,Four-Door Car,698.4
BB11622,Nevada,M,Master,1055217.0,47761.0,131.0,1/0/00,Personal Auto,SUV,232.71
HQ70429,Washington,F,College,1604510.95,0.0,65.0,1/0/00,Personal Auto,Two-Door Car,163.05
WK88044,Arizona,M,Bachelor,873783.75,61281.0,110.0,1/0/00,Personal Auto,SUV,79.87
LA80525,Nevada,M,Bachelor,545489.07,0.0,82.0,1/1/00,Corporate Auto,Two-Door Car,393.6
EH16250,Arizona,M,Bachelor,770528.33,25290.0,66.0,1/0/00,Personal Auto,Four-Door Car,382.09
PU41872,Arizona,F,High School or Below,703926.24,24239.0,88.0,1/0/00,Personal Auto,Four-Door Car,48.35
HB85743,California,M,Bachelor,883808.56,82664.0,114.0,1/3/00,Personal Auto,SUV,133.43
MM71959,Arizona,M,Bachelor,873352.73,83210.0,110.0,1/0/00,Personal Auto,Sports Car,528.0
MB83663,Oregon,F,Bachelor,959747.48,38736.0,81.0,1/0/00,Personal Auto,Two-Door Car,561.41
KR43119,California,M,College,450666.02,0.0,66.0,1/0/00,Personal Auto,Four-Door Car,316.8
KH24214,Oregon,M,College,1785797.23,55437.0,64.0,1/1/00,Personal Auto,Four-Door Car,445.29
AC40767,Washington,M,Bachelors,249780.82,68041.0,6464.0,1/0/00,Personal Auto,Two-Door Car,165.57
HP55391,Oregon,M,Master,542613.62,0.0,71.0,1/0/00,Corporate Auto,Four-Door Car,408.0
EG62398,California,F,High School or Below,799814.38,29066.0,100.0,1/0/00,Personal Auto,SUV,844.23
VS19949,Nevada,M,Bachelor,289762.07,54337.0,72.0,1/0/00,Personal Auto,Four-Door Car,345.6
AM92343,Oregon,F,High School or Below,1159950.22,67616.0,96.0,1/0/00,Personal Auto,Four-Door Car,340.31
GI68556,California,F,Bachelor,1514793.06,41082.0,63.0,1/0/00,Personal Auto,Two-Door Car,106.65
JT11876,WA,F,High School or Below,543576.78,0.0,10202.0,1/0/00,Personal Auto,Four-Door Car,626.12
XR64251,Nevada,F,Master,272535.64,36650.0,69.0,1/1/00,Personal Auto,Four-Door Car,56.6
MK34957,Oregon,F,College,1329771.23,50631.0,112.0,1/4/00,Special Auto,SUV,784.66
GP18756,California,M,College,992704.97,19592.0,92.0,1/0/00,Personal Auto,Four-Door Car,441.6
AP23850,WA,F,High School or Below,1777154.9,0.0,114.0,1/0/00,Personal Auto,Two-Door Car,547.2
KQ65521,Arizona,F,College,1826927.02,55761.0,115.0,1/0/00,Personal Auto,Sports Car,86.28
EJ19449,California,F,College,272221.07,17576.0,71.0,1/0/00,Special Auto,Four-Door Car,398.5
QB70027,California,F,Bachelor,708321.24,41449.0,89.0,1/0/00,Personal Auto,Four-Door Car,63.52
QW47320,Cali,F,Bachelor,1017971.7,14290.0,271.0,1/0/00,Personal Auto,Luxury SUV,1300.8
KH64733,Nevada,F,College,588950.91,62007.0,73.0,1/0/00,Personal Auto,Four-Door Car,120.02
ON59472,Arizona,M,High School or Below,1577139.34,21921.0,206.0,1/0/00,Corporate Auto,Luxury SUV,1254.14
HP94242,Arizona,F,Bachelor,528817.33,42621.0,66.0,1/0/00,Personal Auto,Four-Door Car,316.8
RV15398,Oregon,M,College,2758055.4,0.0,87.0,1/1/00,Personal Auto,Four-Door Car,417.6
EA25683,WA,M,High School or Below,777853.23,63786.0,196.0,1/0/00,Corporate Auto,Luxury SUV,798.0
PW73754,Cali,F,High School or Below,734186.13,0.0,104.0,1/3/00,Personal Auto,Sports Car,82.04
MC71942,Cali,F,High School or Below,791919.7,82877.0,99.0,1/1/00,Personal Auto,Two-Door Car,22.82
OX72195,Arizona,M,College,216387.02,0.0,63.0,1/0/00,Corporate Auto,Two-Door Car,302.4
YQ99152,Nevada,M,High School or Below,978780.88,10475.0,88.0,1/1/00,Personal Auto,Two-Door Car,422.4
KI19439,Oregon,F,High School or Below,520764.08,21952.0,66.0,1/0/00,Personal Auto,Four-Door Car,316.8
PM76175,Oregon,F,Bachelor,2114727.72,49721.0,132.0,1/0/00,Corporate Auto,Sports Car,639.97
US45383,Cali,M,College,1228076.66,88340.0,102.0,1/0/00,Personal Auto,Two-Door Car,489.6
GT38956,Cali,F,College,244139.42,0.0,65.0,1/0/00,Personal Auto,Four-Door Car,312.0
SN41301,Oregon,M,Bachelor,653556.06,0.0,65.0,1/0/00,Corporate Auto,Four-Door Car,468.0
BE62503,WA,F,College,920659.83,24589.0,82.0,1/0/00,Personal Auto,Two-Door Car,511.5
PA16884,Cali,F,Bachelor,411858.86,69379.0,103.0,1/0/00,Personal Auto,Two-Door Car,494.4
NC58480,Nevada,F,Bachelor,483820.9,73769.0,61.0,1/2/00,Personal Auto,Four-Door Car,239.54
NS39326,Cali,F,College,462554.81,66670.0,114.0,1/0/00,Personal Auto,SUV,518.18
PN18507,Arizona,M,Bachelor,1404210.3,88854.0,118.0,1/0/00,Personal Auto,Two-Door Car,715.25
EK91340,Oregon,M,Bachelor,754661.35,31266.0,193.0,1/0/00,Corporate Auto,Luxury Car,926.4
JY16280,Cali,F,High School or Below,251459.2,43860.0,65.0,1/0/00,Personal Auto,Four-Door Car,156.12
ZW71731,Cali,M,Bachelor,517035.84,89284.0,133.0,1/2/00,Corporate Auto,SUV,402.07
ZC24631,Oregon,M,College,1391737.72,67267.0,89.0,1/0/00,Corporate Auto,Four-Door Car,94.81
YR34689,Cali,F,High School or Below,1131813.08,79270.0,95.0,1/3/00,Personal Auto,Four-Door Car,456.0
RT65829,Oregon,M,Bachelor,427636.36,36692.0,109.0,1/1/00,Personal Auto,Four-Door Car,523.2
BZ12077,Oregon,F,High School or Below,432224.03,0.0,119.0,1/0/00,Personal Auto,SUV,571.2
WM65373,Cali,F,College,800230.83,0.0,107.0,1/0/00,Corporate Auto,SUV,513.6
NH35059,Nevada,M,College,388545.64,0.0,105.0,1/0/00,Corporate Auto,Four-Door Car,504.0
QD38160,Oregon,M,College,447177.82,0.0,135.0,1/0/00,Personal Auto,SUV,972.0
BM15160,Cali,F,High School or Below,849635.28,44624.0,71.0,1/1/00,Special Auto,Four-Door Car,73.88
VY79030,Arizona,F,College,2250088.35,0.0,71.0,1/0/00,Corporate Auto,Four-Door Car,340.8
EV19512,Nevada,F,Master,1630196.76,19614.0,85.0,1/0/00,Personal Auto,Two-Door Car,574.02
TE13577,Oregon,F,College,231973.59,0.0,64.0,1/0/00,Personal Auto,Four-Door Car,632.72
WY97929,Arizona,M,College,871704.98,83846.0,74.0,1/3/00,Special Auto,Four-Door Car,355.2
YG20683,WA,M,College,286011.17,51159.0,72.0,1/0/00,Personal Auto,Four-Door Car,4.24
FK75497,Cali,M,College,245340.83,83772.0,62.0,1/0/00,Personal Auto,Two-Door Car,42.25
NE60110,Arizona,M,College,598977.39,66839.0,154.0,1/0/00,Personal Auto,Sports Car,739.2
TN36521,Arizona,F,College,2498022.55,88440.0,70.0,1/0/00,Personal Auto,Two-Door Car,27.15
HG33568,Arizona,F,Master,748263.95,25666.0,63.0,1/2/00,Personal Auto,Four-Door Car,270.0
TW17878,Oregon,F,High School or Below,245757.6,52926.0,61.0,1/0/00,Personal Auto,Four-Door Car,292.8
ZO83562,Nevada,F,Bachelor,237974.12,0.0,67.0,1/0/00,Personal Auto,Four-Door Car,494.95
CH97539,WA,F,Bachelor,828696.44,40001.0,70.0,1/0/00,Personal Auto,Four-Door Car,142.57
CV29889,Cali,M,College,239391.54,0.0,70.0,1/0/00,Personal Auto,Four-Door Car,425.27
MO33320,Oregon,M,College,465715.95,18024.0,65.0,1/0/00,Personal Auto,Two-Door Car,312.0
QZ81258,Oregon,F,College,1319792.89,0.0,68.0,1/3/00,Personal Auto,Four-Door Car,326.4
NY56352,Oregon,F,Bachelor,280391.67,23220.0,74.0,1/0/00,Personal Auto,Four-Door Car,251.33
EA27048,Cali,F,High School or Below,864650.41,64125.0,108.0,1/0/00,Personal Auto,SUV,369.82
UT38865,Oregon,F,College,742587.06,58042.0,62.0,1/0/00,Corporate Auto,Four-Door Car,161.42
QC89139,Oregon,F,High School or Below,452873.74,90034.0,112.0,1/0/00,Corporate Auto,SUV,537.6
LA14484,Nevada,M,High School or Below,222707.28,27972.0,61.0,1/0/00,Special Auto,Four-Door Car,292.8
HN57556,Cali,F,High School or Below,729294.88,0.0,65.0,1/0/00,Personal Auto,Four-Door Car,312.0
CV31235,Arizona,M,Bachelor,318435.52,50989.0,80.0,1/0/00,Corporate Auto,Four-Door Car,256.0
WR45726,Arizona,F,Bachelor,1131520.37,11885.0,101.0,1/0/00,Special Auto,Four-Door Car,484.8
LB25094,Cali,F,Bachelor,253070.51,89451.0,63.0,1/0/00,Special Auto,Four-Door Car,61.77
KW56110,Oregon,M,Bachelor,1836155.53,0.0,182.0,1/0/00,Personal Auto,Luxury Car,1310.4
XO36233,WA,M,Bachelor,864153.0,78904.0,109.0,1/0/00,Personal Auto,SUV,250.0
ZX86243,Arizona,M,Doctor,327853.19,70247.0,83.0,1/1/00,Personal Auto,Four-Door Car,141.8
DW29763,Arizona,M,High School or Below,527198.21,32653.0,67.0,1/0/00,Personal Auto,Two-Door Car,321.6
CT83377,WA,M,High School or Below,376363.77,93595.0,97.0,1/4/00,Special Auto,Four-Door Car,49.8
OQ90898,Cali,M,Master,1395556.96,90279.0,115.0,1/0/00,Personal Auto,SUV,372.18
GO77248,Oregon,F,College,500152.75,0.0,72.0,1/0/00,Personal Auto,Four-Door Car,542.14
QW33258,Cali,M,Bachelor,708283.04,53310.0,189.0,1/3/00,Personal Auto,Luxury Car,1360.8
OU79745,Cali,M,College,761948.28,0.0,105.0,1/0/00,Personal Auto,Four-Door Car,504.0
VZ79886,Oregon,F,Bachelor,1255088.2,22234.0,160.0,1/0/00,Personal Auto,SUV,768.0
FI92440,WA,F,High School or Below,3219660.04,91375.0,99.0,1/0/00,Personal Auto,Two-Door Car,72.63
YG85980,Nevada,F,High School or Below,679377.41,22250.0,86.0,1/0/00,Personal Auto,Two-Door Car,720.6
QM74621,Oregon,M,Bachelor,527231.97,0.0,80.0,1/0/00,Personal Auto,Four-Door Car,576.0
EI71732,Oregon,F,Doctor,626534.33,0.0,84.0,1/1/00,Personal Auto,Four-Door Car,481.03
VN79010,Cali,F,High School or Below,854758.61,51179.0,71.0,1/0/00,Corporate Auto,Four-Door Car,466.18
FI61723,Cali,M,Bachelor,278742.37,38667.0,72.0,1/0/00,Personal Auto,Four-Door Car,159.27
OH55411,Cali,F,Master,462680.11,79487.0,114.0,1/0/00,Corporate Auto,SUV,547.2
TF10720,Nevada,F,Doctor,866336.4,67763.0,107.0,1/2/00,Personal Auto,Four-Door Car,41.28
NW30838,Nevada,M,High School or Below,387222.22,0.0,62.0,1/2/00,Corporate Auto,Four-Door Car,503.81
CB58476,Oregon,F,College,517081.15,0.0,71.0,1/0/00,Corporate Auto,Four-Door Car,859.6
WI69346,Cali,F,Master,896028.02,71943.0,112.0,1/0/00,Corporate Auto,SUV,305.65
FS76657,Oregon,F,College,547183.43,53526.0,68.0,1/0/00,Personal Auto,Four-Door Car,278.9
YX89016,Oregon,M,College,3493100.17,35005.0,295.0,1/0/00,Personal Auto,Luxury Car,1416.0
PK28821,Cali,M,College,262039.23,24721.0,67.0,1/0/00,Personal Auto,Four-Door Car,139.96
MB51200,WA,M,College,1906949.95,0.0,102.0,1/2/00,Personal Auto,Four-Door Car,734.4
XG44587,Arizona,M,Master,575744.23,88997.0,72.0,1/0/00,Personal Auto,Four-Door Car,174.04
FG91922,Arizona,M,Master,4022401.36,48587.0,111.0,1/0/00,Personal Auto,SUV,532.8
OM99303,Arizona,F,High School or Below,270148.83,76310.0,67.0,1/0/00,Personal Auto,Two-Door Car,321.6
RV67546,Cali,M,Bachelor,371243.05,73205.0,92.0,1/0/00,Personal Auto,Four-Door Car,37.3
UJ79253,Oregon,F,College,2185084.0,51056.0,78.0,1/0/00,Personal Auto,Four-Door Car,95.82
PN98247,Cali,M,College,784016.58,58414.0,210.0,1/2/00,Personal Auto,Luxury SUV,1008.0
IB67546,Cali,F,Bachelor,823703.79,23940.0,107.0,1/0/00,Personal Auto,SUV,513.6
OE19087,Cali,F,High School or Below,224347.39,0.0,62.0,1/0/00,Personal Auto,Four-Door Car,446.4
CM95716,Cali,M,Bachelor,843446.41,44216.0,71.0,1/0/00,Personal Auto,Four-Door Car,72.21
MW62634,Cali,M,High School or Below,222707.28,27972.0,61.0,1/0/00,Corporate Auto,Four-Door Car,292.8
QW67581,Arizona,F,High School or Below,517002.6,0.0,69.0,1/0/00,Personal Auto,Four-Door Car,331.2
SN16059,Cali,F,Master,264144.61,29305.0,66.0,1/0/00,Personal Auto,Four-Door Car,475.2
OE51254,Cali,F,College,279068.3,53882.0,69.0,1/0/00,Personal Auto,Four-Door Car,331.2
RM42344,Oregon,M,College,274512.98,91757.0,69.0,1/1/00,Personal Auto,Four-Door Car,331.2
GB35238,Cali,F,Bachelor,757953.27,33906.0,64.0,1/0/00,Personal Auto,Two-Door Car,401.59
ML82674,Oregon,M,Bachelor,1097878.03,68158.0,139.0,1/1/00,Personal Auto,SUV,253.18
EI85244,Cali,M,College,825506.01,0.0,134.0,1/3/00,Personal Auto,SUV,643.2
DE28132,Oregon,M,College,474773.46,42165.0,123.0,1/0/00,Corporate Auto,SUV,799.67
TV25678,WA,M,College,354090.43,0.0,101.0,1/0/00,Personal Auto,SUV,727.2
TY26512,Cali,M,Doctor,343613.43,30817.0,88.0,1/0/00,Personal Auto,Four-Door Car,91.83
OB69153,Cali,M,Bachelor,258218.53,68074.0,65.0,1/0/00,Personal Auto,Four-Door Car,27.99
QZ77637,Washington,F,College,1166509.78,84978.0,35353.0,1/1/00,Corporate Auto,Four-Door Car,166.77
XN41715,Cali,F,Master,739628.37,71135.0,92.0,1/1/00,Personal Auto,Four-Door Car,270.56
QR15857,Cali,F,College,433079.98,0.0,61.0,1/0/00,Personal Auto,Two-Door Car,292.8
FL69363,Oregon,M,Master,907576.82,37722.0,116.0,1/0/00,Personal Auto,Sports Car,158.08
IS30295,Arizona,F,Bachelor,1463545.16,0.0,139.0,1/0/00,Personal Auto,SUV,667.2
WA25797,Washington,Male,High School or Below,856476.82,95697.0,107.0,1/0/00,Personal Auto,Sports Car,178.01
NL59519,Cali,F,College,1156568.75,64642.0,96.0,1/0/00,Personal Auto,Four-Door Car,404.27
ZU93025,Oregon,F,College,277104.5,50071.0,71.0,1/0/00,Personal Auto,Two-Door Car,18.92
DK94262,Oregon,M,High School or Below,850712.88,46754.0,106.0,1/1/00,Personal Auto,SUV,513.82
UQ30615,Cali,M,College,758211.38,64801.0,64.0,1/0/00,Corporate Auto,Four-Door Car,268.47
OR40060,Arizona,M,Bachelor,332309.25,70410.0,83.0,1/0/00,Personal Auto,Four-Door Car,131.83
DK32872,Nevada,F,High School or Below,523433.17,66957.0,131.0,1/1/00,Personal Auto,SUV,628.8
FA46418,Nevada,F,High School or Below,2470959.96,24213.0,78.0,1/1/00,Personal Auto,Four-Door Car,374.4
ER19995,Washington,F,College,1778627.78,99790.0,6464.0,1/0/00,Personal Auto,Four-Door Car,178.99
KI75855,Oregon,M,Master,255122.67,79751.0,63.0,1/0/00,Personal Auto,Two-Door Car,392.24
ND41876,Arizona,M,High School or Below,724771.37,86122.0,182.0,1/1/00,Personal Auto,Luxury SUV,873.6
PN21042,Arizona,M,Bachelor,453884.78,82297.0,116.0,1/0/00,Personal Auto,Sports Car,0.38
GJ43254,Washington,M,College,3164210.46,89057.0,98.0,1/0/00,Corporate Auto,Two-Door Car,187.36
AL46984,Cali,M,High School or Below,873042.2,43259.0,73.0,1/0/00,Personal Auto,Four-Door Car,350.4
JP58047,Oregon,M,College,833273.06,0.0,79.0,1/0/00,Personal Auto,Four-Door Car,379.2
ZE85014,Cali,M,College,235774.7,25064.0,62.0,1/0/00,Personal Auto,Four-Door Car,297.6
KU88219,Arizona,M,Master,463716.4,25816.0,119.0,1/0/00,Personal Auto,Sports Car,571.2
UU98729,Cali,M,Bachelor,535719.27,0.0,73.0,1/0/00,Personal Auto,Four-Door Car,350.85
WS82822,Oregon,F,College,539197.1,41662.0,69.0,1/0/00,Corporate Auto,Four-Door Car,217.97
YB49933,Arizona,M,Bachelor,369414.05,96170.0,92.0,1/0/00,Personal Auto,Four-Door Car,441.6
XC16387,Arizona,F,High School or Below,504041.24,46072.0,64.0,1/0/00,Personal Auto,Four-Door Car,25.93
XJ96748,Arizona,F,High School or Below,2749542.19,37931.0,99.0,1/0/00,Personal Auto,Four-Door Car,475.2
TM98684,Oregon,M,High School or Below,484228.5,35127.0,62.0,1/0/00,Personal Auto,Four-Door Car,297.6
AY18433,Washington,F,High School or Below,2738281.89,45473.0,76.0,1/0/00,Special Auto,Two-Door Car,188.94
DM74502,Nevada,F,College,522710.19,93087.0,131.0,1/3/00,Corporate Auto,Sports Car,628.8
FT56968,Arizona,M,High School or Below,259009.6,22398.0,67.0,1/2/00,Personal Auto,Four-Door Car,321.6
OX36896,Cali,M,High School or Below,1053607.8,92983.0,87.0,1/1/00,Corporate Auto,Four-Door Car,153.21
BZ65376,Arizona,M,Bachelor,858127.87,27689.0,239.0,1/2/00,Personal Auto,Luxury SUV,2893.24
LN34660,Cali,F,College,946311.33,69654.0,118.0,1/0/00,Corporate Auto,SUV,629.53
JC29295,Cali,F,Bachelor,1344100.64,80744.0,111.0,1/0/00,Personal Auto,SUV,361.28
KJ87930,Cali,F,Bachelor,388650.48,0.0,112.0,1/0/00,Corporate Auto,SUV,1185.99
XT36360,Arizona,F,High School or Below,678489.37,0.0,64.0,1/1/00,Personal Auto,Four-Door Car,460.8
IX35050,Arizona,M,Bachelor,2359468.02,76358.0,66.0,1/0/00,Special Auto,Four-Door Car,86.46
UN97379,Oregon,M,Bachelor,253862.63,18608.0,71.0,1/0/00,Corporate Auto,Four-Door Car,340.8
MR57294,Cali,M,High School or Below,563994.2,73168.0,70.0,1/0/00,Personal Auto,Four-Door Car,425.8
UG79499,Washington,M,Bachelor,1168137.43,70930.0,99.0,1/0/00,Personal Auto,Four-Door Car,190.43
UA50747,Washington,F,High School or Below,2599775.0,62262.0,72.0,1/0/00,Corporate Auto,Four-Door Car,193.51
GL20444,Nevada,F,Master,1377836.93,91474.0,113.0,1/0/00,Corporate Auto,Two-Door Car,24.09
SP58110,Cali,F,Bachelor,492318.17,61469.0,63.0,1/5/00,Personal Auto,Four-Door Car,302.4
XM91635,Arizona,F,High School or Below,227233.54,16618.0,62.0,1/0/00,Special Auto,Four-Door Car,219.29
TV82603,Cali,F,Bachelor,1489539.8,48081.0,188.0,1/0/00,Personal Auto,Luxury SUV,881.36
BB82067,Oregon,M,Doctor,975604.5,67632.0,121.0,1/0/00,Personal Auto,Sports Car,26.95
JP94676,Oregon,F,Bachelor,942297.41,34115.0,119.0,1/0/00,Personal Auto,SUV,466.12
VU53417,Arizona,M,High School or Below,383735.76,23051.0,99.0,1/0/00,Personal Auto,Two-Door Car,475.2
IW54795,Cali,M,College,1095213.19,23748.0,99.0,1/0/00,Personal Auto,Four-Door Car,607.1
RN78170,Arizona,F,College,815913.66,40589.0,69.0,1/0/00,Corporate Auto,Four-Door Car,331.2
IX55883,Cali,F,College,1948049.98,50809.0,83.0,1/0/00,Personal Auto,Four-Door Car,290.38
XM72420,Arizona,F,High School or Below,391936.67,66676.0,97.0,1/0/00,Personal Auto,Four-Door Car,558.1
GC15104,Nevada,F,Bachelor,798514.21,52339.0,70.0,1/3/00,Corporate Auto,Four-Door Car,336.0
RX13282,Oregon,M,Bachelor,1216874.49,14973.0,115.0,1/0/00,Personal Auto,SUV,828.0
QA85890,Arizona,F,High School or Below,584932.15,0.0,83.0,1/0/00,Corporate Auto,Four-Door Car,540.51
IR62668,Arizona,F,Bachelor,508583.66,31546.0,65.0,1/0/00,Personal Auto,Four-Door Car,100.05
AL96740,Cali,F,College,290393.98,67763.0,73.0,1/1/00,Personal Auto,Four-Door Car,59.86
SS48498,Washington,F,College,627317.34,20836.0,79.0,1/0/00,Corporate Auto,Four-Door Car,193.57
PE39479,Washington,M,College,1832141.9,88592.0,76.0,1/0/00,Corporate Auto,Four-Door Car,199.8
JH62891,Oregon,F,College,517870.42,66943.0,65.0,1/1/00,Special Auto,Four-Door Car,53.08
FI20423,Arizona,F,High School or Below,1402435.84,81872.0,115.0,1/0/00,Special Auto,Four-Door Car,256.44
PM13394,Washington,F,College,530943.59,22404.0,70.0,1/1/00,Personal Auto,Four-Door Car,211.14
YV67971,Cali,F,High School or Below,494980.38,21342.0,62.0,1/0/00,Personal Auto,Four-Door Car,74.35
QD31377,Cali,M,Bachelor,859566.53,34621.0,108.0,1/1/00,Corporate Auto,SUV,621.46
YG10247,Oregon,M,College,2295189.2,62396.0,64.0,1/0/00,Personal Auto,Four-Door Car,307.2
FE73696,Oregon,M,High School or Below,379213.03,97212.0,93.0,1/0/00,Personal Auto,Two-Door Car,360.06
SW19699,Arizona,F,Bachelor,275574.8,49648.0,70.0,1/0/00,Personal Auto,Four-Door Car,65.95
QJ40732,Arizona,M,College,488033.96,97984.0,61.0,1/1/00,Personal Auto,Four-Door Car,407.45
HM76207,Cali,F,College,905190.53,26308.0,114.0,1/0/00,Corporate Auto,SUV,547.2
NT59303,Oregon,F,College,1011544.62,63528.0,256.0,1/0/00,Personal Auto,Luxury Car,1228.8
PU41393,Nevada,M,College,826907.54,20225.0,114.0,1/1/00,Special Auto,SUV,547.2
QO86948,Nevada,M,High School or Below,807165.3,0.0,112.0,1/0/00,Personal Auto,SUV,806.4
QN10888,Oregon,F,High School or Below,772699.36,87620.0,64.0,1/0/00,Personal Auto,Four-Door Car,24.06
VY19543,Cali,F,Bachelor,831113.59,0.0,72.0,1/0/00,Corporate Auto,Four-Door Car,311.33
XC15133,Nevada,F,Master,257402.04,34990.0,65.0,1/0/00,Personal Auto,Four-Door Car,42.69
ST43550,Oregon,M,Bachelor,572732.71,99934.0,71.0,1/0/00,Special Auto,Four-Door Car,460.32
FX36546,Washington,M,Master,367914.21,60804.0,92.0,1/0/00,Personal Auto,Four-Door Car,213.23
JX68983,Oregon,M,Bachelor,274451.96,94648.0,69.0,1/0/00,Personal Auto,Four-Door Car,331.2
HX78576,Cali,F,High School or Below,563674.03,24516.0,71.0,1/0/00,Personal Auto,Four-Door Car,300.61
ZQ11381,Arizona,M,Bachelor,1687038.82,61063.0,85.0,1/0/00,Personal Auto,Four-Door Car,262.5
ON39271,Cali,M,Master,273800.2,0.0,74.0,1/0/00,Personal Auto,Two-Door Car,263.37
SB18278,Oregon,M,Bachelor,464470.05,0.0,64.0,1/0/00,Corporate Auto,Four-Door Car,307.2
ZT30559,Cali,F,High School or Below,474668.65,15169.0,63.0,1/0/00,Personal Auto,Four-Door Car,302.4
XI41106,Arizona,M,College,1687432.82,55390.0,71.0,1/0/00,Corporate Auto,Two-Door Car,256.27
ZS88847,Oregon,F,Bachelor,238760.61,27592.0,62.0,1/0/00,Personal Auto,Four-Door Car,297.6
RU49126,Washington,F,College,446533.57,61846.0,112.0,1/0/00,Personal Auto,SUV,215.82
KR62797,Arizona,F,High School or Below,459162.59,83297.0,113.0,1/0/00,Personal Auto,SUV,542.4
ZJ73220,Arizona,F,College,1309258.58,0.0,188.0,1/0/00,Special Auto,Luxury Car,1353.6
FY62633,Oregon,M,Bachelor,911226.66,0.0,90.0,1/0/00,Personal Auto,Four-Door Car,432.0
CU36986,Cali,F,High School or Below,416516.66,55897.0,104.0,1/0/00,Personal Auto,Four-Door Car,499.2
WZ53904,Arizona,M,Bachelor,265998.06,21297.0,71.0,1/0/00,Personal Auto,Four-Door Car,45.51
AA71604,Arizona,F,Master,1198659.21,87560.0,98.0,1/1/00,Personal Auto,Two-Door Car,470.4
TD10493,Oregon,F,High School or Below,289873.27,0.0,96.0,1/4/00,Personal Auto,Four-Door Car,691.2
LY97989,Oregon,F,Bachelor,289424.39,0.0,85.0,1/0/00,Personal Auto,Four-Door Car,408.0
VX39856,Arizona,F,Doctor,350045.44,89398.0,86.0,1/0/00,Personal Auto,Four-Door Car,82.41
TP51897,Cali,F,College,262180.86,36843.0,68.0,1/3/00,Corporate Auto,Four-Door Car,357.64
QQ89253,Oregon,F,College,1022180.5,0.0,134.0,1/0/00,Personal Auto,SUV,643.2
EI91403,Cali,M,High School or Below,257827.1,34946.0,65.0,1/0/00,Personal Auto,Two-Door Car,420.36
QG15435,Arizona,F,College,624259.57,75680.0,78.0,1/0/00,Personal Auto,Four-Door Car,136.79
FZ55002,Nevada,F,Doctor,522028.1,0.0,69.0,1/0/00,Personal Auto,Four-Door Car,331.2
HX77930,Washington,F,College,313643.21,49532.0,79.0,1/1/00,Personal Auto,Four-Door Car,220.19
UN37063,Arizona,M,Bachelor,452536.58,10269.0,65.0,1/0/00,Personal Auto,Two-Door Car,170.8
VB87946,Cali,M,College,497035.73,49714.0,63.0,1/3/00,Personal Auto,Four-Door Car,266.17
AB60627,Cali,M,High School or Below,1546778.9,77517.0,129.0,1/0/00,Corporate Auto,SUV,98.92
TA34903,Oregon,M,High School or Below,583889.92,81082.0,73.0,1/0/00,Personal Auto,Four-Door Car,281.3
AQ51368,Oregon,F,Bachelor,1065688.2,72540.0,88.0,1/0/00,Corporate Auto,Two-Door Car,631.74
NZ26102,Oregon,F,High School or Below,228961.87,0.0,65.0,1/0/00,Personal Auto,Four-Door Car,468.0
GB45753,Cali,M,High School or Below,543980.42,61546.0,68.0,1/0/00,Corporate Auto,Two-Door Car,29.21
BV79904,Cali,F,Master,795615.01,44818.0,67.0,1/1/00,Personal Auto,Two-Door Car,136.88
OB49075,Arizona,M,Bachelor,445811.34,17622.0,65.0,1/1/00,Personal Auto,Four-Door Car,312.0
DS97676,Oregon,F,College,255505.15,0.0,72.0,1/0/00,Personal Auto,Four-Door Car,518.4
JO63462,Cali,M,Bachelor,330799.9,79797.0,84.0,1/0/00,Corporate Auto,Two-Door Car,31.76
NJ10602,Washington,F,College,845905.32,92717.0,70.0,1/0/00,Personal Auto,Two-Door Car,224.28
RS24501,Oregon,F,College,1335012.09,28919.0,173.0,1/0/00,Personal Auto,SUV,830.4
VT78274,Arizona,M,College,493122.13,0.0,68.0,1/0/00,Personal Auto,Four-Door Car,480.16
SU56153,Nevada,M,Bachelor,777683.52,63568.0,65.0,1/0/00,Corporate Auto,Two-Door Car,390.79
MN20737,Nevada,F,College,255367.22,73935.0,64.0,1/1/00,Corporate Auto,Four-Door Car,72.07
KL43114,Arizona,F,High School or Below,487646.97,0.0,66.0,1/0/00,Corporate Auto,Two-Door Car,316.8
YQ15567,Oregon,F,Bachelor,903430.58,18846.0,115.0,1/0/00,Personal Auto,SUV,552.0
TR88637,Arizona,F,High School or Below,810591.08,38893.0,103.0,1/0/00,Personal Auto,SUV,41.97
TC88986,Oregon,M,High School or Below,561968.91,0.0,153.0,1/0/00,Special Auto,SUV,1027.0
XX88577,Cali,M,Bachelor,1572713.06,84824.0,196.0,1/0/00,Corporate Auto,SUV,319.82
NE49052,Cali,F,High School or Below,661801.64,20068.0,86.0,1/0/00,Corporate Auto,Four-Door Car,411.01
KX17826,Oregon,M,Doctor,467004.8,0.0,125.0,1/0/00,Corporate Auto,SUV,600.0
CC91503,Arizona,F,High School or Below,1016936.98,0.0,135.0,1/0/00,Personal Auto,Sports Car,648.0
WH32183,Cali,M,Bachelor,832307.4,97245.0,70.0,1/0/00,Personal Auto,Four-Door Car,4.11
ES90681,Cali,F,College,241776.0,51808.0,61.0,1/1/00,Personal Auto,Four-Door Car,351.15
DW96592,Cali,M,Bachelor,804487.24,71391.0,67.0,1/0/00,Personal Auto,Four-Door Car,284.0
MT23134,Oregon,M,High School or Below,532572.45,0.0,73.0,1/0/00,Personal Auto,Two-Door Car,496.47
BM69081,Arizona,M,Bachelor,694752.4,0.0,100.0,1/0/00,Personal Auto,SUV,925.14
MB90871,Oregon,F,College,584741.52,23496.0,77.0,1/0/00,Special Auto,Four-Door Car,13.16
QL77686,Nevada,F,College,472478.61,23986.0,119.0,1/0/00,Corporate Auto,SUV,463.34
ON77827,Arizona,F,Master,279022.8,22974.0,71.0,1/0/00,Personal Auto,Four-Door Car,180.67
KP18988,Oregon,F,High School or Below,2153133.28,0.0,101.0,1/0/00,Personal Auto,Four-Door Car,484.8
TI92884,Arizona,M,Bachelor,1262283.27,61844.0,106.0,1/0/00,Personal Auto,Sports Car,508.8
JH73503,Arizona,M,Doctor,2017196.15,24804.0,73.0,1/0/00,Personal Auto,Two-Door Car,350.4
YE97964,Cali,F,Bachelor,1646436.59,27760.0,104.0,1/0/00,Personal Auto,SUV,302.76
VA30351,Oregon,F,High School or Below,559538.99,74454.0,71.0,1/0/00,Personal Auto,Four-Door Car,340.8
PV55726,Oregon,F,Master,417068.73,29462.0,107.0,1/1/00,Personal Auto,SUV,513.6
UC88305,Arizona,F,College,266544.71,52266.0,68.0,1/0/00,Corporate Auto,Two-Door Car,141.92
TS53809,Oregon,M,Bachelor,709891.41,0.0,70.0,1/0/00,Personal Auto,Two-Door Car,349.78
ZV32120,Cali,M,Doctor,397134.51,23599.0,103.0,1/0/00,Corporate Auto,SUV,494.4
FB80807,Oregon,M,Bachelor,552821.28,36088.0,72.0,1/0/00,Personal Auto,Four-Door Car,345.6
AS55677,Cali,F,High School or Below,833899.58,70534.0,104.0,1/0/00,Personal Auto,Four-Door Car,54.07
WA15684,Oregon,M,College,3844585.59,27398.0,125.0,1/1/00,Personal Auto,SUV,600.0
SA50567,Nevada,M,Bachelor,544855.52,85296.0,68.0,1/0/00,Personal Auto,Four-Door Car,342.52
KJ31611,Arizona,M,High School or Below,1080806.6,31063.0,92.0,1/0/00,Personal Auto,Four-Door Car,441.6
VL37375,Cali,M,Bachelor,618509.65,0.0,92.0,1/0/00,Personal Auto,Two-Door Car,1027.18
KN21017,Nevada,M,High School or Below,320822.59,52367.0,81.0,1/0/00,Personal Auto,Four-Door Car,275.99
PX44289,Arizona,M,College,548010.41,58651.0,71.0,1/0/00,Personal Auto,Four-Door Car,472.6
AM97901,Nevada,F,College,2298615.39,84831.0,192.0,1/0/00,Special Auto,Sports Car,1336.93
RE42925,Oregon,M,Bachelor,1310792.59,49088.0,114.0,1/1/00,Corporate Auto,SUV,547.2
TR81766,Cali,F,College,746292.63,70263.0,93.0,1/0/00,Corporate Auto,Two-Door Car,7.35
CH85057,Oregon,F,Doctor,1146399.1,45354.0,285.0,1/0/00,Personal Auto,Luxury SUV,540.14
UP71482,Arizona,M,High School or Below,723613.25,0.0,63.0,1/0/00,Personal Auto,Four-Door Car,383.36
EG40670,Cali,F,Bachelor,623268.79,28334.0,83.0,1/0/00,Special Auto,Four-Door Car,537.77
HV83672,Oregon,F,Bachelor,2839332.99,38772.0,90.0,1/0/00,Personal Auto,Four-Door Car,321.87
MG10140,Oregon,F,College,374675.16,41479.0,94.0,1/1/00,Personal Auto,Two-Door Car,19.58
TC44716,Cali,M,Bachelor,2156933.73,23909.0,119.0,1/0/00,Personal Auto,SUV,571.2
QO65264,Cali,M,College,501208.37,48328.0,63.0,1/0/00,Personal Auto,Two-Door Car,108.14
EB66698,Cali,M,High School or Below,337185.84,86689.0,85.0,1/0/00,Corporate Auto,Two-Door Car,408.0
OT52034,Cali,M,Bachelor,386477.68,24204.0,99.0,1/1/00,Personal Auto,Four-Door Car,707.3
CH85444,Oregon,M,College,414571.19,25943.0,110.0,1/0/00,Corporate Auto,Two-Door Car,1067.33
PU85769,Cali,M,High School or Below,515607.27,0.0,73.0,1/0/00,Personal Auto,Four-Door Car,807.95
UI73201,Cali,M,College,366737.5,62375.0,92.0,1/0/00,Personal Auto,Two-Door Car,618.63
SL50592,Cali,F,High School or Below,783568.35,0.0,71.0,1/0/00,Corporate Auto,Four-Door Car,404.27
XP11075,Arizona,M,Bachelor,1456726.84,0.0,148.0,1/0/00,Personal Auto,SUV,710.4
SI31236,Oregon,M,Bachelor,1017133.9,70200.0,65.0,1/0/00,Corporate Auto,Four-Door Car,312.0
JN26745,Nevada,F,Bachelor,413577.52,0.0,112.0,1/0/00,Special Auto,Four-Door Car,707.98
VK48036,Oregon,F,College,551149.11,79027.0,70.0,1/0/00,Corporate Auto,Four-Door Car,336.0
JX76668,Washington,F,High School or Below,1131424.39,62935.0,141.0,1/0/00,Personal Auto,Sports Car,232.24
DS45802,Cali,F,High School or Below,541461.73,26893.0,68.0,1/0/00,Personal Auto,Four-Door Car,68.23
OA96690,Oregon,F,High School or Below,742159.35,47406.0,94.0,1/1/00,Personal Auto,Four-Door Car,287.15
EM27919,Cali,M,Bachelor,445811.34,17622.0,65.0,1/1/00,Personal Auto,Four-Door Car,312.0
QO41043,Oregon,F,College,1447612.49,27572.0,124.0,1/0/00,Corporate Auto,SUV,595.2
OV50124,Oregon,F,College,493688.84,0.0,72.0,1/2/00,Personal Auto,Two-Door Car,391.64
PR31642,Oregon,F,Bachelor,452527.65,32802.0,114.0,1/0/00,Personal Auto,SUV,547.2
BU41599,Washington,F,Master,558176.13,62739.0,70.0,1/0/00,Personal Auto,Two-Door Car,239.33
TK30357,Cali,F,Bachelor,1413434.74,90844.0,118.0,1/0/00,Personal Auto,SUV,232.67
NF31087,Nevada,F,High School or Below,2472318.31,44685.0,69.0,1/0/00,Personal Auto,Four-Door Car,331.2
NH16984,Cali,F,Bachelor,283806.78,0.0,80.0,1/0/00,Personal Auto,Four-Door Car,336.51
OS75493,Cali,F,High School or Below,384848.36,42589.0,98.0,1/0/00,Corporate Auto,Four-Door Car,470.4
VT63298,Oregon,M,Bachelor,1950447.39,0.0,72.0,1/0/00,Personal Auto,Four-Door Car,345.6
QS75550,Washington,F,Bachelors,248004.59,93383.0,62.0,1/0/00,Corporate Auto,Two-Door Car,244.21
SZ16483,Arizona,F,High School or Below,436137.29,79583.0,109.0,1/2/00,Personal Auto,Four-Door Car,523.2
VM92311,Arizona,F,High School or Below,252907.75,89129.0,64.0,1/0/00,Personal Auto,Four-Door Car,328.87
NJ46849,Arizona,M,College,250444.48,0.0,69.0,1/0/00,Personal Auto,Four-Door Car,496.8
WZ31900,Oregon,F,Bachelor,864970.06,94389.0,107.0,1/0/00,Corporate Auto,SUV,85.06
RG30482,Oregon,F,College,1366835.53,0.0,197.0,1/0/00,Personal Auto,SUV,1418.4
ZM86949,Oregon,F,High School or Below,2063508.46,84106.0,64.0,1/0/00,Personal Auto,Two-Door Car,334.41
QQ39596,Arizona,F,College,251753.36,0.0,69.0,1/0/00,Personal Auto,Four-Door Car,42.1
FH51383,Cali,F,High School or Below,532667.77,76717.0,66.0,1/0/00,Personal Auto,Two-Door Car,300.53
BJ53923,Arizona,M,High School or Below,260027.21,51978.0,66.0,1/0/00,Corporate Auto,Four-Door Car,144.78
CZ96653,Oregon,F,Bachelor,853479.28,47325.0,107.0,1/0/00,Personal Auto,SUV,64.6
FB23788,Oregon,M,High School or Below,882883.5,86721.0,111.0,1/0/00,Corporate Auto,SUV,532.8
NT43594,Nevada,F,Bachelor,224844.96,24910.0,63.0,1/1/00,Personal Auto,Four-Door Car,347.86
RJ85627,Washington,F,Bachelor,1230276.24,43817.0,62.0,1/1/00,Personal Auto,Four-Door Car,245.45
KJ86296,Oregon,M,High School or Below,455659.3,0.0,73.0,1/2/00,Personal Auto,Four-Door Car,525.6
PI47776,Oregon,F,Bachelor,253070.51,89451.0,63.0,1/0/00,Corporate Auto,Four-Door Car,61.77
MD73554,Cali,M,College,525198.4,59537.0,66.0,1/0/00,Personal Auto,Two-Door Car,316.8
UX92071,Oregon,M,High School or Below,674311.93,0.0,199.0,1/0/00,Personal Auto,Luxury SUV,955.2
YG44474,Oregon,M,College,1401472.13,54193.0,117.0,1/0/00,Corporate Auto,SUV,720.75
UH45301,Oregon,M,College,943891.56,86946.0,118.0,1/0/00,Personal Auto,Four-Door Car,340.66
RY92647,Cali,F,Bachelor,1050677.17,0.0,92.0,1/0/00,Personal Auto,Four-Door Car,546.52
IK12620,Arizona,F,High School or Below,421391.86,12160.0,109.0,1/0/00,Personal Auto,Four-Door Car,489.41
GQ66762,Cali,M,College,477368.64,33701.0,63.0,1/0/00,Personal Auto,Four-Door Car,171.33
YT69858,Washington,F,Bachelor,544142.01,85702.0,67.0,1/0/00,Personal Auto,Two-Door Car,249.09
XD85577,Cali,M,Bachelor,284226.69,69417.0,73.0,1/1/00,Personal Auto,Four-Door Car,30.87
TM65736,Oregon,M,Master,305955.03,38644.0,78.0,1/1/00,Personal Auto,Four-Door Car,361.46
VJ51327,Cali,F,High School or Below,2031499.76,63209.0,102.0,1/2/00,Personal Auto,SUV,207.32
GS98873,Arizona,F,Bachelor,323912.47,16061.0,88.0,1/0/00,Personal Auto,Four-Door Car,633.6
CW49887,California,F,Master,462680.11,79487.0,114.0,1/0/00,Special Auto,SUV,547.2
MY31220,California,F,College,899704.02,54230.0,112.0,1/0/00,Personal Auto,Two-Door Car,537.6
